week_ending,week_index,spot_price,creation_velocity_4w,creation_velocity_12w,creation_velocity_trend,cumulative_surplus,surplus_runway_years,days_to_surrender,penalty_rate,price_to_penalty_ratio,forward_premium,activity_cl_pct,activity_heer_pct,activity_iheab_pct,activity_piamv_pct,policy_signal_active,policy_supply_impact_pct,policy_demand_impact_pct,broker_sentiment,supply_concern_level,creation_trend_accelerating,creation_trend_decelerating,estimated_shadow_supply,regime_surplus_prob,regime_balanced_prob,regime_tightening_prob,kalman_forecast_4w,kalman_forecast_12w,price_t_plus_1w,price_t_plus_4w,price_t_plus_12w,price_t_plus_26w,max_price_next_12w,min_price_next_12w,optimal_action,optimal_value_per_cert
2019-01-04,0,22.0,69399.0,69399.0,0.0,4300000.0,0.9348,86,28.52,0.7714,,0.55,0.15,0.2,0.1,0,0.0,0.0,-0.1,3.0,0,0,-158384.0,0.1379,0.7784,0.0836,23.9533,25.6332,22.0,22.07,21.64,22.23,22.09,21.64,hold,0.09
2019-01-11,1,22.0,69650.0,69650.0,0.0,4300000.0,0.9348,79,28.52,0.7714,,0.55,0.15,0.2,0.1,0,0.0,0.0,-0.1,3.0,0,0,-232987.0,0.0939,0.8661,0.0401,22.2077,22.8985,22.02,22.09,21.57,22.3,22.09,21.57,hold,0.09
2019-01-18,2,22.02,70010.0,70010.0,0.0,4300000.0,0.9348,72,28.52,0.7721,,0.55,0.15,0.2,0.1,0,0.0,0.0,-0.1,3.0,0,0,-248472.0,0.0687,0.9048,0.0265,22.2222,22.9059,22.05,22.05,21.5,22.35,22.09,21.5,hold,0.07
2019-01-25,3,22.05,70476.0,70476.0,0.0,4300000.0,0.9348,65,28.52,0.7731,,0.55,0.15,0.2,0.1,0,0.0,0.0,-0.1,3.0,0,0,-245420.0,0.0551,0.9221,0.0227,22.2439,22.9171,22.07,21.98,21.55,22.39,22.09,21.5,hold,0.04
2019-02-01,4,22.07,71455.25,71044.0,0.0,4300000.0,0.9348,58,28.52,0.7738,,0.55,0.15,0.2,0.1,0,0.0,0.0,-0.1,3.0,0,0,-235233.0,0.0482,0.9299,0.0218,22.2583,22.9246,22.09,21.92,21.59,22.44,22.09,21.5,hold,0.02
2019-02-08,5,22.09,72738.5,71709.0,0.0,4300000.0,0.9348,51,28.52,0.7745,,0.55,0.15,0.2,0.1,0,0.0,0.0,-0.1,3.0,0,0,-222385.0,0.0445,0.9337,0.0218,22.2728,22.932,22.05,21.85,21.64,22.48,22.05,21.5,hold,0.0
2019-02-15,6,22.05,74307.25,72465.57,0.0,4300000.0,0.9348,44,28.52,0.7731,,0.55,0.15,0.2,0.1,0,0.0,0.0,-0.1,3.0,0,0,-208593.0,0.0439,0.9347,0.0214,22.2439,22.9171,21.98,21.78,21.68,22.48,21.98,21.5,hold,0.0
2019-02-22,7,21.98,76138.5,73307.25,0.0,4300000.0,0.9348,37,28.52,0.7707,,0.55,0.15,0.2,0.1,0,0.0,0.0,-0.1,3.0,0,0,-194786.0,0.0455,0.9338,0.0207,22.1933,22.8911,21.92,21.71,21.75,22.46,21.92,21.5,hold,0.0
2019-03-01,8,21.92,78205.25,74226.78,0.0,4300000.0,0.9348,30,28.52,0.7686,,0.55,0.15,0.2,0.1,0,0.0,0.0,-0.1,3.0,0,0,-181580.0,0.0479,0.9321,0.02,22.1499,22.8687,21.85,21.64,21.82,22.44,21.85,21.5,hold,0.0
2019-03-08,9,21.85,80478.0,75216.6,0.0,4300000.0,0.9348,23,28.52,0.7661,,0.55,0.15,0.2,0.1,0,0.0,0.0,-0.1,3.0,0,0,-169180.0,0.0511,0.9296,0.0192,22.0992,22.8426,21.78,21.57,21.88,22.42,21.88,21.5,hold,0.03
2019-03-15,10,21.78,82923.0,76268.27,0.0,4300000.0,0.9348,16,28.52,0.7637,,0.55,0.15,0.2,0.1,0,0.0,0.0,-0.1,3.0,0,0,-157690.0,0.055,0.9266,0.0185,22.0483,22.8163,21.71,21.5,21.95,22.38,21.95,21.5,hold,0.17
2019-03-22,11,21.71,85504.75,77373.08,0.0,4300000.0,0.9348,9,28.52,0.7612,,0.55,0.15,0.2,0.1,0,0.0,0.0,-0.1,3.0,0,0,-147128.0,0.0594,0.9229,0.0177,21.9975,22.7899,21.64,21.55,22.02,22.34,22.02,21.5,hold,0.31
2019-03-29,12,21.64,88186.0,79282.17,13355.75,4300000.0,0.9348,2,28.52,0.7588,,0.55,0.15,0.2,0.1,0,0.0,0.0,-0.1,3.0,0,0,-137456.0,0.0644,0.9186,0.017,21.9467,22.7635,21.57,21.59,22.09,22.29,22.09,21.5,hold,0.45
2019-04-05,13,21.57,90927.0,81381.17,14318.75,4300000.0,0.9348,361,28.52,0.7563,,0.55,0.15,0.2,0.1,0,0.0,0.0,-0.1,3.0,0,0,-128620.0,0.0701,0.9136,0.0163,21.8959,22.737,21.5,21.64,22.16,22.25,22.16,21.5,hold,0.59
2019-04-12,14,21.5,93688.25,83639.5,15073.12,4300000.0,0.9348,354,28.52,0.7539,,0.55,0.15,0.2,0.1,0,0.0,0.0,-0.1,3.0,0,0,-120548.0,0.0764,0.9079,0.0157,21.845,22.7105,21.55,21.68,22.23,22.2,22.23,21.55,hold,0.73
2019-04-19,15,21.55,96429.5,86024.25,15607.88,4300000.0,0.9348,347,28.52,0.7556,,0.55,0.15,0.2,0.1,0,0.0,0.0,-0.1,3.0,0,0,-113634.0,0.0782,0.906,0.0158,21.8813,22.7294,21.59,21.75,22.3,22.15,22.3,21.59,hold,0.75
2019-04-26,16,21.59,99110.5,88500.58,15914.88,4300000.0,0.9348,340,28.52,0.757,,0.55,0.15,0.2,0.1,0,0.0,0.0,-0.1,3.0,0,0,-107614.0,0.0775,0.9064,0.0161,21.9104,22.7446,21.64,21.82,22.35,22.11,22.35,21.64,hold,0.76
2019-05-03,17,21.64,101692.5,91032.5,15990.0,4300000.0,0.9348,333,28.52,0.7588,,0.55,0.15,0.2,0.1,0,0.0,0.0,-0.1,3.0,0,0,-102373.0,0.0749,0.9086,0.0165,21.9467,22.7635,21.68,21.88,22.39,22.06,22.39,21.68,hold,0.75
2019-05-10,18,21.68,104137.75,93583.0,15832.12,4300000.0,0.9348,326,28.52,0.7602,,0.55,0.15,0.2,0.1,0,0.0,0.0,-0.1,3.0,0,0,-97744.0,0.0717,0.9113,0.0169,21.9757,22.7786,21.75,21.95,22.44,22.02,22.44,21.75,hold,0.76
2019-05-17,19,21.75,106410.25,96114.83,15443.12,4300000.0,0.9348,319,28.52,0.7626,,0.55,0.15,0.2,0.1,0,0.0,0.0,-0.1,3.0,0,0,-93752.0,0.0672,0.9153,0.0176,22.0266,22.805,21.82,22.02,22.48,21.98,22.48,21.82,hold,0.73
2019-05-24,20,21.82,108477.25,98591.25,14829.0,4300000.0,0.9348,312,28.52,0.7651,,0.55,0.15,0.2,0.1,0,0.0,0.0,-0.1,3.0,0,0,-90289.0,0.0621,0.9196,0.0183,22.0774,22.8313,21.88,22.09,22.48,21.96,22.48,21.88,hold,0.66
2019-05-31,21,21.88,110308.25,100975.92,13998.5,4300000.0,0.9348,305,28.52,0.7672,,0.55,0.15,0.2,0.1,0,0.0,0.0,-0.1,3.0,0,0,-87235.0,0.0574,0.9237,0.019,22.1209,22.8538,21.95,22.16,22.46,21.94,22.48,21.95,hold,0.6
2019-06-07,22,21.95,111876.75,103234.25,12963.75,4300000.0,0.9348,298,28.52,0.7696,,0.55,0.15,0.2,0.1,0,0.0,0.0,-0.1,3.0,0,0,-84578.0,0.0528,0.9275,0.0197,22.1716,22.8799,22.02,22.23,22.44,21.92,22.48,22.02,hold,0.53
2019-06-14,23,22.02,113160.0,105333.25,11740.12,4300000.0,0.9348,291,28.52,0.7721,,0.55,0.15,0.2,0.1,0,0.0,0.0,-0.1,3.0,0,0,-82258.0,0.0485,0.9309,0.0205,22.2222,22.9059,22.09,22.3,22.42,21.9,22.48,22.09,hold,0.46
2019-06-21,24,22.09,114139.0,107242.25,10345.12,4300000.0,0.9348,284,28.52,0.7745,,0.55,0.15,0.2,0.1,0,0.0,0.0,-0.1,3.0,0,0,-80235.0,0.0447,0.934,0.0214,22.2728,22.932,22.16,22.35,22.38,21.9,22.48,22.16,hold,0.39
2019-06-28,25,22.16,114800.0,108933.58,8799.62,4300000.0,0.9348,277,28.52,0.777,,0.55,0.15,0.2,0.1,0,0.0,0.0,-0.1,3.0,0,0,-78468.0,0.0412,0.9365,0.0223,22.3234,22.958,22.23,22.39,22.34,21.9,22.48,22.23,hold,0.32
2019-07-05,26,22.23,115132.75,110382.42,7125.5,4300000.0,0.9348,270,28.52,0.7795,,0.55,0.15,0.2,0.1,1,0.0,0.0,0.0,3.5,0,0,-76928.0,0.0381,0.9387,0.0232,22.3741,22.9841,22.3,22.44,22.29,21.5,22.48,22.29,hold,0.25
2019-07-12,27,22.3,115132.75,111567.67,5347.62,4300000.0,0.9348,263,28.52,0.7819,,0.55,0.15,0.2,0.1,1,0.0,0.0,0.0,3.5,0,0,-75591.0,0.0353,0.9405,0.0241,22.4247,23.0103,22.35,22.48,22.25,21.5,22.48,22.25,hold,0.18
2019-07-19,28,22.35,114800.0,112472.08,3491.88,4300000.0,0.9348,256,28.52,0.7837,,0.55,0.15,0.2,0.1,1,0.0,0.0,0.0,3.5,0,0,-74361.0,0.0332,0.9418,0.0249,22.4609,23.029,22.39,22.48,22.2,21.38,22.48,22.2,hold,0.13
2019-07-26,29,22.39,114139.0,113082.42,1584.88,4300000.0,0.9348,249,28.52,0.7851,,0.55,0.15,0.2,0.1,1,0.0,0.0,0.0,3.5,0,0,-73205.0,0.0317,0.9427,0.0256,22.4898,23.0439,22.44,22.46,22.15,21.27,22.48,22.15,hold,0.09
2019-08-02,30,22.44,113160.0,113389.83,-344.75,4300000.0,0.9348,242,28.52,0.7868,,0.55,0.15,0.2,0.1,1,0.0,0.0,0.0,3.5,0,0,-72173.0,0.0301,0.9435,0.0264,22.5259,23.0624,22.48,22.44,22.11,21.15,22.48,22.11,hold,0.04
2019-08-09,31,22.48,111876.75,113389.83,-2269.62,4300000.0,0.9348,235,28.52,0.7882,,0.55,0.15,0.2,0.1,1,0.0,0.0,0.0,3.5,0,0,-71219.0,0.0289,0.9441,0.027,22.5549,23.0773,22.48,22.42,22.06,21.04,22.48,22.06,hold,0.0
2019-08-16,32,22.48,110308.25,113082.42,-4161.25,4300000.0,0.9348,228,28.52,0.7882,,0.55,0.15,0.2,0.1,1,0.0,0.0,0.0,3.5,0,0,-70205.0,0.0285,0.9443,0.0273,22.5549,23.0773,22.46,22.38,22.02,20.77,22.46,22.02,hold,0.0
2019-08-23,33,22.46,108477.25,112472.08,-5992.25,4300000.0,0.9348,221,28.52,0.7875,,0.55,0.15,0.2,0.1,1,0.0,0.0,0.0,3.5,0,0,-69102.0,0.0287,0.9442,0.0271,22.5404,23.0699,22.44,22.34,21.98,20.42,22.44,21.98,hold,0.0
2019-08-30,34,22.44,106410.25,111567.67,-7736.12,4300000.0,0.9348,214,28.52,0.7868,,0.55,0.15,0.2,0.1,0,0.0,0.0,0.0,3.5,0,0,-67963.0,0.0291,0.9441,0.0269,22.5259,23.0624,22.42,22.29,21.96,20.08,22.42,21.96,hold,0.0
2019-09-06,35,22.42,104137.75,110382.42,-9367.0,4300000.0,0.9348,207,28.52,0.7861,,0.55,0.15,0.2,0.1,0,0.0,0.0,0.0,3.5,0,0,-66821.0,0.0296,0.9439,0.0266,22.5115,23.055,22.38,22.25,21.94,19.73,22.38,21.94,hold,0.0
2019-09-13,36,22.38,101692.5,108933.58,-10861.62,4300000.0,0.9348,200,28.52,0.7847,,0.55,0.15,0.2,0.1,0,0.0,0.0,0.0,3.5,0,0,-65628.0,0.0305,0.9435,0.026,22.4825,23.0401,22.34,22.2,21.92,19.38,22.34,21.92,hold,0.0
2019-09-20,37,22.34,99110.5,107242.25,-12197.62,4300000.0,0.9348,193,28.52,0.7833,,0.55,0.15,0.2,0.1,0,0.0,0.0,0.0,3.5,0,0,-64421.0,0.0316,0.943,0.0255,22.4536,23.0252,22.29,22.15,21.9,19.04,22.29,21.9,hold,0.0
2019-09-27,38,22.29,96429.5,105333.25,-13355.62,4300000.0,0.9348,186,28.52,0.7816,,0.55,0.15,0.2,0.1,0,0.0,0.0,0.0,3.5,0,0,-63184.0,0.033,0.9423,0.0248,22.4175,23.0065,22.25,22.11,21.9,18.69,22.25,21.9,hold,0.0
2019-10-04,39,22.25,93688.25,103234.25,-14319.0,4300000.0,0.9348,179,28.52,0.7802,,0.55,0.15,0.2,0.1,0,0.0,0.0,0.0,3.5,0,0,-61983.0,0.0343,0.9415,0.0242,22.3885,22.9916,22.2,22.06,21.9,18.35,22.2,21.9,hold,0.0
2019-10-11,40,22.2,90927.0,100975.92,-15073.38,4300000.0,0.9348,172,28.52,0.7784,,0.55,0.15,0.2,0.1,0,0.0,0.0,0.0,3.5,0,0,-60788.0,0.0359,0.9406,0.0235,22.3524,22.9729,22.15,22.02,21.5,18.0,22.15,21.5,hold,0.0
2019-10-18,41,22.15,88186.0,98591.25,-15607.88,4300000.0,0.9348,165,28.52,0.7766,,0.55,0.15,0.2,0.1,0,0.0,0.0,0.0,3.5,0,0,-59614.0,0.0377,0.9395,0.0228,22.3162,22.9543,22.11,21.98,21.5,17.88,22.11,21.5,hold,0.0
2019-10-25,42,22.11,85504.75,96114.83,-15915.12,4300000.0,0.9348,158,28.52,0.7752,,0.55,0.15,0.2,0.1,0,0.0,0.0,0.0,3.5,0,0,-58503.0,0.0394,0.9384,0.0223,22.2873,22.9394,22.06,21.96,21.38,17.77,22.06,21.38,hold,0.0
2019-11-01,43,22.06,82923.0,93583.0,-15990.0,4300000.0,0.9348,151,28.52,0.7735,,0.55,0.15,0.2,0.1,0,0.0,0.0,0.0,3.5,0,0,-57410.0,0.0413,0.937,0.0216,22.2511,22.9208,22.02,21.94,21.27,17.65,22.02,21.27,hold,0.0
2019-11-08,44,22.02,80478.0,91032.5,-15831.75,4300000.0,0.9348,144,28.52,0.7721,,0.55,0.15,0.2,0.1,0,0.0,0.0,0.0,3.5,0,0,-56379.0,0.0432,0.9357,0.0211,22.2222,22.9059,21.98,21.92,21.15,17.54,21.98,21.15,hold,0.0
2019-11-15,45,21.98,78205.25,88500.58,-15443.0,4300000.0,0.9348,137,28.52,0.7707,,0.55,0.15,0.2,0.1,0,0.0,0.0,0.0,3.5,0,0,-55402.0,0.0451,0.9342,0.0206,22.1933,22.8911,21.96,21.9,21.04,17.55,21.96,21.04,hold,0.0
2019-11-22,46,21.96,76138.5,86024.25,-14828.62,4300000.0,0.9348,130,28.52,0.77,,0.55,0.15,0.2,0.1,0,0.0,0.0,0.0,3.5,0,0,-54540.0,0.0466,0.9331,0.0203,22.1788,22.8836,21.94,21.9,20.77,17.62,21.94,20.77,hold,0.0
2019-11-29,47,21.94,74307.25,83639.5,-13998.38,4300000.0,0.9348,123,28.52,0.7693,,0.55,0.15,0.2,0.1,0,0.0,0.0,0.0,3.5,0,0,-53767.0,0.0479,0.9321,0.02,22.1643,22.8762,21.92,21.9,20.42,17.68,21.92,20.42,hold,0.0
2019-12-06,48,21.92,72738.5,81381.17,-12964.0,4300000.0,0.9348,116,28.52,0.7686,,0.55,0.15,0.2,0.1,0,0.0,0.0,0.0,3.5,0,0,-53063.0,0.049,0.9311,0.0198,22.1499,22.8687,21.9,21.5,20.08,17.75,21.9,20.08,hold,0.0
2019-12-13,49,21.9,71455.25,79282.17,-11740.38,4300000.0,0.9348,109,28.52,0.7679,,0.55,0.15,0.2,0.1,0,0.0,0.0,0.0,3.5,0,0,-52412.0,0.0502,0.9302,0.0196,22.1354,22.8613,21.9,21.5,19.73,17.83,21.9,19.73,hold,0.0
2019-12-20,50,21.9,70476.0,77373.08,-10345.62,4300000.0,0.9348,102,28.52,0.7679,,0.55,0.15,0.2,0.1,0,0.0,0.0,0.0,3.5,0,0,-51874.0,0.0508,0.9297,0.0195,22.1354,22.8613,21.9,21.38,19.38,17.92,21.9,19.38,sell,0.0
2019-12-27,51,21.9,69815.25,75681.83,-8799.88,4300000.0,0.9348,95,28.52,0.7679,,0.55,0.15,0.2,0.1,0,0.0,0.0,0.0,3.5,0,0,-51418.0,0.0511,0.9294,0.0195,22.1354,22.8613,21.5,21.27,19.04,18.02,21.5,19.04,sell,0.0
2020-01-03,52,21.5,70928.25,74714.92,-5680.0,4305769.0,0.8787,88,29.12,0.7383,,0.5,0.17,0.22,0.11,0,0.0,0.0,0.0,3.0,0,0,-50003.0,0.0647,0.9188,0.0165,20.9334,20.3942,21.5,21.15,18.69,18.11,21.5,18.69,hold,0.0
2020-01-10,53,21.5,72384.5,74015.0,-2445.75,4311538.0,0.8799,81,29.12,0.7383,,0.5,0.17,0.22,0.11,0,0.0,0.0,0.0,3.0,0,0,-48976.0,0.0731,0.9112,0.0157,20.9334,20.3942,21.38,21.04,18.35,18.2,21.38,18.35,hold,0.0
2020-01-17,54,21.38,74191.0,73601.83,883.75,4317308.0,0.8811,74,29.12,0.7342,,0.5,0.17,0.22,0.11,0,0.0,0.0,0.0,3.0,0,0,-47784.0,0.0838,0.9014,0.0147,20.827,20.3105,21.27,20.77,18.0,18.27,21.27,18.0,sell,0.0
2020-01-24,55,21.27,76349.25,73490.58,4288.0,4323077.0,0.8823,67,29.12,0.7304,,0.5,0.17,0.22,0.11,0,0.0,0.0,0.0,3.0,0,0,-46505.0,0.0968,0.8894,0.0137,20.7294,20.2337,21.15,20.42,17.88,18.34,21.15,17.88,sell,0.0
2020-01-31,56,21.15,77410.0,73692.25,5576.62,4328846.0,0.8834,60,29.12,0.7263,,0.5,0.17,0.22,0.11,0,0.0,0.0,0.0,3.0,0,0,-45123.0,0.1132,0.874,0.0128,20.623,20.15,21.04,20.08,17.77,18.41,21.04,17.77,sell,0.0
2020-02-07,57,21.04,78800.25,74213.33,6880.38,4334615.0,0.8846,53,29.12,0.7225,,0.5,0.17,0.22,0.11,0,0.0,0.0,0.0,3.0,0,0,-43700.0,0.1332,0.855,0.0118,20.5255,20.0733,20.77,19.73,17.65,18.48,20.77,17.65,sell,0.0
2020-02-14,58,20.77,80499.5,75055.5,8166.0,4340385.0,0.8858,46,29.12,0.7133,,0.5,0.17,0.22,0.11,0,0.0,0.0,0.0,3.0,0,0,-41697.0,0.1715,0.8184,0.0101,20.286,19.8849,20.42,19.38,17.54,18.58,20.42,17.54,sell,0.0
2020-02-21,59,20.42,82483.0,76215.83,9400.75,4346154.0,0.887,39,29.12,0.7012,,0.5,0.17,0.22,0.11,0,0.0,0.0,0.0,3.0,0,0,-39048.0,0.2432,0.7489,0.0079,19.9756,19.6407,20.08,19.04,17.55,18.69,20.08,17.54,sell,0.0
2020-02-28,60,20.08,84722.25,77686.83,10553.12,4351923.0,0.8881,32,29.12,0.6896,,0.5,0.17,0.22,0.11,0,0.0,0.0,0.0,3.0,0,0,-36024.0,0.3605,0.6337,0.0058,19.674,19.4035,19.73,18.69,17.62,18.81,19.73,17.54,sell,0.0
2020-03-06,61,19.73,87184.25,79456.33,11591.88,4357692.0,0.8893,25,29.12,0.6775,,0.5,0.17,0.22,0.11,0,0.0,0.0,0.0,3.0,0,0,-32734.0,0.5301,0.4662,0.0037,19.3636,19.1593,19.38,18.35,17.68,18.92,19.38,17.54,sell,0.0
2020-03-13,62,19.38,89833.0,81507.83,12487.75,4363462.0,0.8905,18,29.12,0.6655,,0.5,0.17,0.22,0.11,0,0.0,0.0,0.0,3.0,0,0,-29181.0,0.7195,0.2785,0.002,19.0532,18.9151,19.04,18.0,17.75,19.04,19.04,17.54,sell,0.0
2020-03-20,63,19.04,92630.25,83820.83,13214.12,4369231.0,0.8917,11,29.12,0.6538,,0.5,0.17,0.22,0.11,0,0.0,0.0,0.0,3.0,0,0,-25270.0,0.8637,0.1353,0.0009,18.7516,18.6779,18.69,17.88,17.83,19.15,18.69,17.54,sell,0.0
2020-03-27,64,18.69,95534.75,85889.0,14468.62,4375000.0,0.8929,4,29.12,0.6418,,0.5,0.17,0.22,0.11,1,-13.2,-8.8,-0.6,6.0,0,1,-21657.0,0.9389,0.0607,0.0004,18.4412,18.4337,18.35,17.77,17.92,19.27,18.35,17.54,sell,0.0
2020-04-03,65,18.35,98504.25,88162.92,15512.0,4380769.0,0.894,362,29.12,0.6302,,0.5,0.17,0.22,0.11,1,-12.68,-8.46,-0.6,6.0,0,1,-18100.0,0.9687,0.031,0.0002,18.1396,18.1965,18.0,17.65,18.02,19.38,18.02,17.54,sell,0.0
2020-04-10,66,18.0,101495.75,90609.42,16329.5,4386538.0,0.8952,355,29.12,0.6181,,0.5,0.17,0.22,0.11,1,-12.16,-8.11,-0.6,6.0,0,1,-14480.0,0.9803,0.0196,0.0001,17.8292,17.9523,17.88,17.54,18.11,19.5,18.11,17.54,hold,0.11
2020-04-17,67,17.88,104465.25,93192.83,16908.62,4392308.0,0.8964,348,29.12,0.614,,0.5,0.17,0.22,0.11,1,-11.65,-7.76,-0.6,6.0,0,1,-11601.0,0.9836,0.0163,0.0001,17.7228,17.8686,17.77,17.55,18.2,19.62,18.2,17.54,hold,0.32
2020-04-24,68,17.77,107369.75,95875.58,17241.25,4398077.0,0.8976,341,29.12,0.6102,,0.5,0.17,0.22,0.11,1,-11.13,-7.42,-0.6,6.0,0,1,-9267.0,0.9852,0.0147,0.0001,17.6252,17.7919,17.65,17.62,18.27,19.73,18.27,17.54,hold,0.5
2020-05-01,69,17.65,110167.0,98618.5,17322.75,4403846.0,0.8987,334,29.12,0.6061,,0.5,0.17,0.22,0.11,1,-10.61,-7.07,-0.6,6.0,0,1,-7269.0,0.9865,0.0134,0.0001,17.5188,17.7082,17.54,17.68,18.34,19.85,18.34,17.54,hold,0.69
2020-05-08,70,17.54,112815.75,101381.5,17151.38,4409615.0,0.8999,327,29.12,0.6023,,0.5,0.17,0.22,0.11,1,-10.09,-6.73,-0.6,6.0,0,1,-5534.0,0.9875,0.0124,0.0001,17.4212,17.6314,17.55,17.75,18.41,19.96,18.41,17.55,hold,0.87
2020-05-15,71,17.55,115277.75,104124.42,16730.0,4415385.0,0.9011,320,29.12,0.6027,,0.5,0.17,0.22,0.11,1,-9.57,-6.38,-0.6,6.0,0,1,-4396.0,0.9876,0.0123,0.0001,17.4301,17.6384,17.62,17.83,18.48,20.08,18.48,17.62,hold,0.93
2020-05-22,72,17.62,117517.0,106807.17,16064.75,4421154.0,0.9023,313,29.12,0.6051,,0.5,0.17,0.22,0.11,1,-9.05,-6.03,-0.6,6.0,0,1,-3882.0,0.987,0.0129,0.0001,17.4922,17.6872,17.68,17.92,18.58,20.19,18.58,17.68,hold,0.96
2020-05-29,73,17.68,119500.5,109390.58,15164.88,4426923.0,0.9035,306,29.12,0.6071,,0.5,0.17,0.22,0.11,1,-8.53,-5.69,-0.6,6.0,0,1,-3761.0,0.9865,0.0134,0.0001,17.5454,17.7291,17.75,18.02,18.69,20.31,18.69,17.75,hold,1.01
2020-06-05,74,17.75,121199.75,111837.08,14044.0,4432692.0,0.9046,299,29.12,0.6095,,0.5,0.17,0.22,0.11,1,-8.01,-5.34,-0.6,6.0,0,1,-3937.0,0.9858,0.0141,0.0001,17.6075,17.7779,17.83,18.11,18.81,20.42,18.81,17.83,hold,1.06
2020-06-12,75,17.83,122590.0,114111.0,12718.5,4438462.0,0.9058,292,29.12,0.6123,,0.5,0.17,0.22,0.11,1,-7.49,-4.99,-0.6,6.0,0,1,-4343.0,0.985,0.0149,0.0001,17.6784,17.8337,17.92,18.2,18.92,20.5,18.92,17.92,hold,1.09
2020-06-19,76,17.92,123650.75,116179.17,11207.38,4444231.0,0.907,285,29.12,0.6154,,0.5,0.17,0.22,0.11,1,-6.97,-4.65,-0.6,6.0,0,1,-4937.0,0.984,0.0158,0.0001,17.7583,17.8965,18.02,18.27,19.04,20.5,19.04,18.02,hold,1.12
2020-06-26,77,18.02,124366.75,118011.42,9533.0,4450000.0,0.9082,278,29.12,0.6188,,0.5,0.17,0.22,0.11,1,-6.45,-4.3,-0.6,6.0,0,1,-5688.0,0.9829,0.017,0.0001,17.847,17.9663,18.11,18.34,19.15,20.5,19.15,18.11,hold,1.13
2020-07-03,78,18.11,124727.5,119581.0,7719.75,4455769.0,0.9093,271,29.12,0.6219,,0.5,0.17,0.22,0.11,1,-5.93,-3.96,-0.2,5.0,0,0,-6502.0,0.9817,0.0182,0.0001,17.9268,18.0291,18.2,18.41,19.27,20.8,19.27,18.2,hold,1.16
2020-07-10,79,18.2,124727.5,120865.08,5793.62,4461538.0,0.9105,264,29.12,0.625,,0.5,0.17,0.22,0.11,1,-5.41,-3.61,-0.2,5.0,0,0,-7353.0,0.9804,0.0194,0.0002,18.0066,18.0919,18.27,18.48,19.38,20.8,19.38,18.27,hold,1.18
2020-07-17,80,18.27,124366.75,121844.83,3782.88,4467308.0,0.9117,257,29.12,0.6274,,0.5,0.17,0.22,0.11,1,-4.9,-3.26,-0.2,5.0,0,0,-8151.0,0.9793,0.0205,0.0002,18.0687,18.1407,18.34,18.58,19.5,20.89,19.5,18.34,hold,1.23
2020-07-24,81,18.34,123650.75,122506.0,1717.12,4473077.0,0.9129,250,29.12,0.6298,,0.5,0.17,0.22,0.11,1,-4.38,-2.92,-0.2,5.0,0,0,-8905.0,0.9782,0.0216,0.0002,18.1308,18.1896,18.41,18.69,19.62,20.98,19.62,18.41,hold,1.28
2020-07-31,82,18.41,122590.0,122839.08,-373.62,4478846.0,0.9141,243,29.12,0.6322,,0.5,0.17,0.22,0.11,1,-3.86,-2.57,-0.2,5.0,0,0,-9624.0,0.977,0.0228,0.0002,18.1929,18.2384,18.48,18.81,19.73,21.08,19.73,18.48,hold,1.32
2020-08-07,83,18.48,121199.75,122839.08,-2459.0,4484615.0,0.9152,236,29.12,0.6346,,0.5,0.17,0.22,0.11,1,-3.34,-2.23,-0.2,5.0,0,0,-10314.0,0.9757,0.0241,0.0002,18.2549,18.2872,18.58,18.92,19.85,21.17,19.85,18.58,hold,1.37
2020-08-14,84,18.58,119500.5,122506.0,-4508.25,4490385.0,0.9164,229,29.12,0.638,,0.5,0.17,0.22,0.11,1,-2.82,-1.88,-0.2,5.0,0,0,-11087.0,0.9739,0.0259,0.0002,18.3436,18.357,18.69,19.04,19.96,21.29,19.96,18.69,hold,1.38
2020-08-21,85,18.69,117517.0,121844.83,-6491.75,4496154.0,0.9176,222,29.12,0.6418,,0.5,0.17,0.22,0.11,1,-2.3,-1.53,-0.2,5.0,0,0,-11948.0,0.9716,0.0281,0.0003,18.4412,18.4337,18.81,19.15,20.08,21.43,20.08,18.81,hold,1.39
2020-08-28,86,18.81,115277.75,120865.08,-8381.0,4501923.0,0.9188,215,29.12,0.6459,,0.5,0.17,0.22,0.11,1,-1.78,-1.19,-0.2,5.0,0,0,-12906.0,0.9688,0.0309,0.0003,18.5476,18.5175,18.92,19.27,20.19,21.57,20.19,18.92,hold,1.38
2020-09-04,87,18.92,112815.75,119581.0,-10147.88,4507692.0,0.9199,208,29.12,0.6497,,0.5,0.17,0.22,0.11,1,-1.26,-0.84,-0.2,5.0,0,0,-13891.0,0.9658,0.0338,0.0003,18.6452,18.5942,19.04,19.38,20.31,21.71,20.31,19.04,hold,1.39
2020-09-11,88,19.04,110167.0,118011.42,-11766.62,4513462.0,0.9211,201,29.12,0.6538,,0.5,0.17,0.22,0.11,1,-0.74,-0.49,-0.2,5.0,0,0,-14931.0,0.9623,0.0373,0.0004,18.7516,18.6779,19.15,19.5,20.42,21.85,20.42,19.15,hold,1.38
2020-09-18,89,19.15,107369.75,116179.17,-13214.12,4519231.0,0.9223,194,29.12,0.6576,,0.5,0.17,0.22,0.11,1,-0.22,-0.15,-0.2,5.0,0,0,-15971.0,0.9585,0.041,0.0004,18.8492,18.7547,19.27,19.62,20.5,22.02,20.5,19.27,hold,1.35
2020-09-25,90,19.27,104465.25,114111.0,-14468.62,4525000.0,0.9235,187,29.12,0.6617,,0.5,0.17,0.22,0.11,0,0.0,0.0,-0.2,5.0,0,0,-17045.0,0.954,0.0455,0.0005,18.9556,18.8384,19.38,19.73,20.5,22.18,20.5,19.38,hold,1.23
2020-10-02,91,19.38,101495.75,111837.08,-15512.0,4530769.0,0.9246,180,29.12,0.6655,,0.5,0.17,0.22,0.11,0,0.0,0.0,-0.2,5.0,0,0,-18105.0,0.9491,0.0503,0.0006,19.0532,18.9151,19.5,19.85,20.5,22.34,20.5,19.5,hold,1.12
2020-10-09,92,19.5,98504.25,109390.58,-16329.5,4536538.0,0.9258,173,29.12,0.6696,,0.5,0.17,0.22,0.11,0,0.0,0.0,-0.2,5.0,0,0,-19191.0,0.9433,0.0561,0.0007,19.1596,18.9989,19.62,19.96,20.8,22.5,20.8,19.62,hold,1.3
2020-10-16,93,19.62,95534.75,106807.17,-16908.62,4542308.0,0.927,166,29.12,0.6738,,0.5,0.17,0.22,0.11,0,0.0,0.0,-0.2,5.0,0,0,-20290.0,0.9364,0.0628,0.0008,19.266,19.0826,19.73,20.08,20.8,22.62,20.8,19.73,hold,1.18
2020-10-23,94,19.73,92630.25,104124.42,-17241.25,4548077.0,0.9282,159,29.12,0.6775,,0.5,0.17,0.22,0.11,0,0.0,0.0,-0.2,5.0,0,0,-21367.0,0.9288,0.0704,0.0009,19.3636,19.1593,19.85,20.19,20.89,22.73,20.89,19.85,hold,1.16
2020-10-30,95,19.85,89833.0,101381.5,-17322.75,4553846.0,0.9294,152,29.12,0.6817,,0.5,0.17,0.22,0.11,0,0.0,0.0,-0.2,5.0,0,0,-22456.0,0.9196,0.0794,0.001,19.47,19.243,19.96,20.31,20.98,22.85,20.98,19.96,hold,1.13
2020-11-06,96,19.96,87184.25,98618.5,-17151.38,4559615.0,0.9305,145,29.12,0.6854,,0.5,0.17,0.22,0.11,1,-8.12,4.06,-0.2,5.0,0,0,-21945.0,0.9091,0.0897,0.0012,19.5676,19.3198,20.08,20.42,21.08,22.96,21.08,20.08,hold,1.12
2020-11-13,97,20.08,84722.25,95875.58,-16730.0,4565385.0,0.9317,138,29.12,0.6896,,0.5,0.17,0.22,0.11,1,-7.59,3.79,-0.2,5.0,0,0,-20515.0,0.8964,0.1022,0.0014,19.674,19.4035,20.19,20.5,21.17,23.08,21.17,20.19,hold,1.09
2020-11-20,98,20.19,82483.0,93192.83,-16064.75,4571154.0,0.9329,131,29.12,0.6933,,0.5,0.17,0.22,0.11,1,-7.06,3.53,-0.2,5.0,0,0,-18551.0,0.8815,0.1168,0.0016,19.7716,19.4803,20.31,20.5,21.29,23.19,21.29,20.31,hold,1.1
2020-11-27,99,20.31,80499.5,90609.42,-15164.88,4576923.0,0.9341,124,29.12,0.6975,,0.5,0.17,0.22,0.11,1,-6.53,3.26,-0.2,5.0,0,0,-16373.0,0.8632,0.1349,0.0019,19.878,19.564,20.42,20.5,21.43,23.31,21.43,20.42,hold,1.12
2020-12-04,100,20.42,78800.25,88162.92,-14044.0,4582692.0,0.9352,117,29.12,0.7012,,0.5,0.17,0.22,0.11,1,-6.0,3.0,-0.2,5.0,0,0,-14135.0,0.8415,0.1562,0.0022,19.9756,19.6407,20.5,20.8,21.57,23.42,21.57,20.5,hold,1.15
2020-12-11,101,20.5,77410.0,85889.0,-12718.5,4588462.0,0.9364,110,29.12,0.704,,0.5,0.17,0.22,0.11,1,-5.46,2.73,-0.2,5.0,0,0,-11863.0,0.8181,0.1793,0.0026,20.0465,19.6965,20.5,20.8,21.71,23.54,21.71,20.5,hold,1.21
2020-12-18,102,20.5,76349.25,83820.83,-11207.38,4594231.0,0.9376,103,29.12,0.704,,0.5,0.17,0.22,0.11,1,-4.93,2.47,-0.2,5.0,0,0,-9404.0,0.8,0.1973,0.0028,20.0465,19.6965,20.5,20.89,21.85,23.65,21.85,20.5,hold,1.35
2020-12-25,103,20.5,75633.25,81988.58,-9533.0,4600000.0,0.9388,96,29.12,0.704,,0.5,0.17,0.22,0.11,1,-4.4,2.2,-0.2,5.0,0,0,-6919.0,0.7857,0.2113,0.0029,20.0465,19.6965,20.8,20.98,22.02,23.77,22.02,20.8,hold,1.52
2021-01-08,104,20.8,77441.25,81141.92,-5551.0,4611538.0,0.8868,82,29.56,0.7037,,0.45,0.2,0.23,0.12,1,-3.34,1.67,0.2,4.0,1,0,-5725.0,0.7406,0.2555,0.0039,20.3126,19.9058,20.8,21.08,22.18,23.88,22.18,20.8,hold,1.38
2021-01-15,105,20.8,79625.75,80586.0,-1440.38,4623077.0,0.8891,75,29.56,0.7037,,0.45,0.2,0.23,0.12,1,-2.81,1.4,0.2,4.0,1,0,-4256.0,0.7017,0.2939,0.0044,20.3126,19.9058,20.89,21.17,22.34,24.0,22.34,20.89,hold,1.54
2021-01-22,106,20.89,82196.75,80343.0,2780.62,4634615.0,0.8913,68,29.56,0.7067,,0.45,0.2,0.23,0.12,1,-2.28,1.14,0.2,4.0,1,0,-2973.0,0.6554,0.3395,0.0051,20.3924,19.9686,20.98,21.29,22.5,24.12,22.5,20.98,hold,1.61
2021-01-29,107,20.98,85158.75,80430.5,7092.38,4646154.0,0.8935,61,29.56,0.7097,,0.45,0.2,0.23,0.12,1,-1.75,0.87,0.2,4.0,1,0,-1879.0,0.6013,0.3927,0.006,20.4722,20.0314,21.08,21.43,22.62,24.23,22.62,21.08,hold,1.64
2021-02-05,108,21.08,86342.0,80861.17,8221.25,4657692.0,0.8957,54,29.56,0.7131,,0.45,0.2,0.23,0.12,1,-1.21,0.61,0.2,4.0,1,0,-1003.0,0.538,0.4549,0.0071,20.5609,20.1012,21.17,21.57,22.73,24.35,22.73,21.17,hold,1.65
2021-02-12,109,21.17,87892.75,81642.83,9374.88,4669231.0,0.8979,47,29.56,0.7162,,0.45,0.2,0.23,0.12,1,-0.68,0.34,0.2,4.0,1,0,-300.0,0.4684,0.5233,0.0083,20.6408,20.164,21.29,21.71,22.85,24.46,22.85,21.29,buy,1.68
2021-02-19,110,21.29,89788.25,82778.08,10515.25,4680769.0,0.9001,40,29.56,0.7202,,0.45,0.2,0.23,0.12,1,-0.15,0.08,0.2,4.0,1,0,123.0,0.3907,0.5995,0.0098,20.7472,20.2477,21.43,21.85,22.96,24.58,22.96,21.43,buy,1.67
2021-02-26,111,21.43,92000.75,84264.25,11604.75,4692308.0,0.9024,33,29.56,0.725,,0.45,0.2,0.23,0.12,0,0.0,0.0,0.2,4.0,1,0,227.0,0.3081,0.6803,0.0116,20.8714,20.3454,21.57,22.02,23.08,24.69,23.08,21.57,buy,1.65
2021-03-05,112,21.57,94498.25,86093.83,12606.62,4703846.0,0.9046,26,29.56,0.7297,,0.45,0.2,0.23,0.12,0,0.0,0.0,0.2,4.0,1,0,34.0,0.2295,0.7569,0.0136,20.9955,20.443,21.71,22.18,23.19,24.81,23.19,21.71,buy,1.62
2021-03-12,113,21.71,97244.0,88254.17,13484.75,4715385.0,0.9068,19,29.56,0.7344,,0.45,0.2,0.23,0.12,0,0.0,0.0,0.2,4.0,1,0,-442.0,0.163,0.8214,0.0156,21.1197,20.5407,21.85,22.34,23.31,24.92,23.31,21.85,buy,1.6
2021-03-19,114,21.85,100198.25,90727.75,14205.75,4726923.0,0.909,12,29.56,0.7392,,0.45,0.2,0.23,0.12,0,0.0,0.0,0.2,4.0,1,0,-1182.0,0.1129,0.8695,0.0176,21.2439,20.6384,22.02,22.5,23.42,25.04,23.42,22.02,buy,1.57
2021-03-26,115,22.02,103318.0,93492.5,14738.25,4738462.0,0.9112,5,29.56,0.7449,,0.45,0.2,0.23,0.12,0,0.0,0.0,0.2,4.0,1,0,-2262.0,0.0774,0.9028,0.0197,21.3946,20.757,22.18,22.62,23.54,25.15,23.54,22.18,buy,1.52
2021-04-02,116,22.18,106557.5,95799.25,16137.38,4750000.0,0.9135,363,29.56,0.7503,,0.45,0.2,0.23,0.12,0,0.0,0.0,0.2,4.0,1,0,-3571.0,0.0548,0.9233,0.0219,21.5365,20.8686,22.34,22.73,23.65,25.27,23.65,22.34,buy,1.47
2021-04-09,117,22.34,109870.0,98335.58,17301.62,4761538.0,0.9157,356,29.56,0.7558,,0.45,0.2,0.23,0.12,0,0.0,0.0,0.2,4.0,1,0,-5045.0,0.041,0.9349,0.0241,21.6784,20.9803,22.5,22.85,23.77,25.38,23.77,22.5,buy,1.43
2021-04-16,118,22.5,113206.75,101064.42,18213.5,4773077.0,0.9179,349,29.56,0.7612,,0.45,0.2,0.23,0.12,0,0.0,0.0,0.2,4.0,1,0,-6632.0,0.0323,0.9412,0.0265,21.8204,21.0919,22.62,22.96,23.88,25.5,23.88,22.62,hold,1.38
2021-04-23,119,22.62,116519.0,103945.92,18859.62,4784615.0,0.9201,342,29.56,0.7652,,0.45,0.2,0.23,0.12,0,0.0,0.0,0.2,4.0,1,0,-8144.0,0.0273,0.9441,0.0286,21.9268,21.1756,22.73,23.08,24.0,25.57,24.0,22.73,hold,1.38
2021-04-30,120,22.73,119758.75,106938.17,19230.88,4796154.0,0.9223,335,29.56,0.7689,,0.45,0.2,0.23,0.12,0,0.0,0.0,0.2,4.0,1,0,-9551.0,0.024,0.9454,0.0307,22.0243,21.2523,22.85,23.19,24.12,25.64,24.12,22.85,hold,1.39
2021-05-07,121,22.85,122878.5,109997.5,19321.5,4807692.0,0.9246,328,29.56,0.773,,0.45,0.2,0.23,0.12,0,0.0,0.0,0.2,4.0,1,0,-10900.0,0.0213,0.9457,0.033,22.1308,21.3361,22.96,23.31,24.23,25.71,24.23,22.96,hold,1.38
2021-05-14,122,22.96,125832.75,113079.25,19130.25,4819231.0,0.9268,321,29.56,0.7767,,0.45,0.2,0.23,0.12,0,0.0,0.0,0.2,4.0,1,0,-12159.0,0.0193,0.9454,0.0353,22.2283,21.4128,23.08,23.42,24.35,25.78,24.35,23.08,hold,1.39
2021-05-21,123,23.08,128578.75,116138.58,18660.25,4830769.0,0.929,314,29.56,0.7808,,0.45,0.2,0.23,0.12,0,0.0,0.0,0.2,4.0,1,0,-13373.0,0.0174,0.9446,0.038,22.3348,21.4965,23.19,23.54,24.46,25.83,24.46,23.19,hold,1.38
2021-05-28,124,23.19,131076.25,119130.83,17918.12,4842308.0,0.9312,307,29.56,0.7845,,0.45,0.2,0.23,0.12,0,0.0,0.0,0.2,4.0,1,0,-14508.0,0.0158,0.9433,0.0408,22.4323,21.5733,23.31,23.65,24.58,25.88,24.58,23.31,hold,1.39
2021-06-04,125,23.31,133288.75,122012.42,16914.5,4853846.0,0.9334,300,29.56,0.7886,,0.45,0.2,0.23,0.12,0,0.0,0.0,0.2,4.0,1,0,-15612.0,0.0143,0.9416,0.0441,22.5388,21.657,23.42,23.77,24.69,25.92,24.69,23.42,hold,1.38
2021-06-11,126,23.42,135184.25,124741.25,15664.5,4865385.0,0.9357,293,29.56,0.7923,,0.45,0.2,0.23,0.12,0,0.0,0.0,0.2,4.0,1,0,-16651.0,0.0131,0.9394,0.0475,22.6363,21.7337,23.54,23.88,24.81,25.97,24.81,23.54,hold,1.39
2021-06-18,127,23.54,136735.0,127277.58,14186.12,4876923.0,0.9379,286,29.56,0.7963,,0.45,0.2,0.23,0.12,0,0.0,0.0,0.2,4.0,1,0,-17672.0,0.0119,0.9366,0.0515,22.7428,21.8175,23.65,24.0,24.92,26.0,24.92,23.65,hold,1.38
2021-06-25,128,23.65,137918.25,129584.42,12500.75,4888462.0,0.9401,279,29.56,0.8001,,0.45,0.2,0.23,0.12,0,0.0,0.0,0.2,4.0,1,0,-18636.0,0.0109,0.9333,0.0558,22.8403,21.8941,23.77,24.12,25.04,26.0,25.04,23.77,hold,1.39
2021-07-02,129,23.77,138716.75,131628.0,10633.12,4900000.0,0.9423,272,29.56,0.8041,,0.45,0.2,0.23,0.12,1,0.0,13.43,0.5,3.5,1,0,-19595.0,0.01,0.9294,0.0607,22.9467,21.9775,23.88,24.23,25.15,26.0,25.15,23.88,hold,1.38
2021-07-09,130,23.88,139119.0,133378.67,8610.5,4911538.0,0.9445,265,29.56,0.8078,,0.45,0.2,0.23,0.12,1,0.0,12.91,0.5,3.5,1,0,-20509.0,0.0091,0.9248,0.0661,23.0443,22.054,24.0,24.35,25.27,26.5,25.27,24.0,hold,1.39
2021-07-16,131,24.0,139119.0,134810.92,6462.12,4923077.0,0.9467,258,29.56,0.8119,,0.45,0.2,0.23,0.12,1,0.0,12.39,0.5,3.5,1,0,-21423.0,0.0083,0.9194,0.0723,23.1507,22.1373,24.12,24.46,25.38,26.5,25.38,24.12,hold,1.38
2021-07-23,132,24.12,138716.75,135903.75,4219.5,4934615.0,0.949,251,29.56,0.816,,0.45,0.2,0.23,0.12,1,0.0,11.87,0.5,3.5,1,0,-22336.0,0.0076,0.9129,0.0795,23.2572,22.2207,24.23,24.58,25.5,26.62,25.5,24.23,hold,1.38
2021-07-30,133,24.23,137918.25,136641.25,1915.5,4946154.0,0.9512,244,29.56,0.8197,,0.45,0.2,0.23,0.12,1,0.0,11.35,0.5,3.5,1,0,-23212.0,0.007,0.9056,0.0875,23.3547,22.2972,24.35,24.69,25.57,26.73,25.57,24.35,hold,1.34
2021-08-06,134,24.35,136735.0,137012.75,-416.62,4957692.0,0.9534,237,29.56,0.8237,,0.45,0.2,0.23,0.12,1,0.0,10.83,0.5,3.5,1,0,-24100.0,0.0064,0.8969,0.0968,23.4612,22.3806,24.46,24.81,25.64,26.85,25.64,24.46,hold,1.29
2021-08-13,135,24.46,135184.25,137012.75,-2742.75,4969231.0,0.9556,230,29.56,0.8275,,0.45,0.2,0.23,0.12,1,0.0,10.31,0.5,3.5,1,0,-24957.0,0.0058,0.8869,0.1073,23.5587,22.4573,24.58,24.92,25.71,26.96,25.71,24.58,hold,1.25
2021-08-20,136,24.58,133288.75,136641.25,-5028.75,4980769.0,0.9578,223,29.56,0.8315,,0.45,0.2,0.23,0.12,1,0.0,9.79,0.5,3.5,1,0,-25833.0,0.0053,0.875,0.1197,23.6651,22.5409,24.69,25.04,25.78,27.12,25.78,24.69,hold,1.2
2021-08-27,137,24.69,131076.25,135903.75,-7241.25,4992308.0,0.9601,216,29.56,0.8353,,0.45,0.2,0.23,0.12,1,0.0,9.27,0.5,3.5,1,0,-26684.0,0.0049,0.8612,0.1339,23.7627,22.6174,24.81,25.15,25.83,27.31,25.83,24.81,hold,1.14
2021-09-03,138,24.81,128578.75,134810.92,-9348.25,5003846.0,0.9623,209,29.56,0.8393,,0.45,0.2,0.23,0.12,1,0.0,8.75,0.5,3.5,1,0,-27560.0,0.0044,0.8447,0.1509,23.8691,22.7004,24.92,25.27,25.88,27.49,25.88,24.92,hold,1.07
2021-09-10,139,24.92,125832.75,133378.67,-11318.88,5015385.0,0.9645,202,29.56,0.843,,0.45,0.2,0.23,0.12,1,0.0,8.23,0.5,3.5,1,0,-28418.0,0.004,0.8255,0.1705,24.3246,24.0088,25.04,25.38,25.92,27.68,25.92,25.04,hold,1.0
2021-09-17,140,25.04,122878.5,131628.0,-13124.25,5026923.0,0.9667,195,29.56,0.8471,,0.45,0.2,0.23,0.12,1,0.0,7.71,0.5,3.5,1,0,-29302.0,0.0036,0.8024,0.194,24.4118,24.0532,25.15,25.5,25.97,27.85,25.97,25.15,hold,0.93
2021-09-24,141,25.15,119758.75,129584.42,-14738.5,5038462.0,0.9689,188,29.56,0.8508,,0.45,0.2,0.23,0.12,1,0.0,7.2,0.5,3.5,1,0,-30173.0,0.0032,0.7752,0.2215,24.4916,24.094,25.27,25.57,26.0,28.02,26.0,25.27,hold,0.85
2021-10-01,142,25.27,116519.0,127277.58,-16137.88,5050000.0,0.9712,181,29.56,0.8549,,0.45,0.2,0.23,0.12,1,0.0,6.68,0.5,3.5,1,0,-31073.0,0.0029,0.7426,0.2545,24.5788,24.1383,25.38,25.64,26.0,28.18,26.0,25.38,hold,0.73
2021-10-08,143,25.38,113206.75,124741.25,-17301.75,5061538.0,0.9734,174,29.56,0.8586,,0.45,0.2,0.23,0.12,1,0.0,6.16,0.5,3.5,1,0,-31965.0,0.0026,0.7045,0.2929,24.6587,24.1791,25.5,25.71,26.0,28.34,26.0,25.5,hold,0.62
2021-10-15,144,25.5,109870.0,122012.42,-18213.62,5073077.0,0.9756,167,29.56,0.8627,,0.45,0.2,0.23,0.12,1,0.0,5.64,0.5,3.5,1,0,-32893.0,0.0022,0.6595,0.3383,24.7455,24.2233,25.57,25.78,26.5,28.5,26.5,25.57,hold,1.0
2021-10-22,145,25.57,106557.5,119130.83,-18860.0,5084615.0,0.9778,160,29.56,0.865,,0.45,0.2,0.23,0.12,1,0.0,5.12,0.5,3.5,1,0,-33688.0,0.002,0.6117,0.3863,24.7957,24.2488,25.64,25.83,26.5,28.62,26.5,25.64,hold,0.93
2021-10-29,146,25.64,103318.0,116138.58,-19230.88,5096154.0,0.98,153,29.56,0.8674,,0.45,0.2,0.23,0.12,1,0.0,4.6,0.5,3.5,1,0,-34407.0,0.0018,0.5616,0.4366,24.8457,24.2743,25.71,25.88,26.62,28.73,26.62,25.71,hold,0.98
2021-11-05,147,25.71,100198.25,113079.25,-19321.5,5107692.0,0.9822,146,29.56,0.8698,,0.45,0.2,0.23,0.12,1,0.0,4.08,0.5,3.5,1,0,-35093.0,0.0016,0.5097,0.4887,24.8957,24.2996,25.78,25.92,26.73,28.85,26.73,25.78,hold,1.02
2021-11-12,148,25.78,97244.0,109997.5,-19130.25,5119231.0,0.9845,139,29.56,0.8721,,0.45,0.2,0.23,0.12,1,0.0,3.56,0.5,3.5,1,0,-35778.0,0.0014,0.4572,0.5414,24.9456,24.3246,25.83,25.97,26.85,28.96,26.85,25.83,hold,1.07
2021-11-19,149,25.83,94498.25,106938.17,-18659.88,5130769.0,0.9867,132,29.56,0.8738,,0.45,0.2,0.23,0.12,1,0.0,3.04,0.5,3.5,1,0,-36415.0,0.0012,0.4073,0.5915,24.9812,24.3425,25.88,26.0,26.96,29.12,26.96,25.88,hold,1.13
2021-11-26,150,25.88,92000.75,103945.92,-17917.75,5142308.0,0.9889,125,29.56,0.8755,,0.45,0.2,0.23,0.12,1,0.0,2.52,0.5,3.5,1,0,-37042.0,0.0011,0.3609,0.638,25.0168,24.3604,25.92,26.0,27.12,29.31,27.12,25.92,hold,1.24
2021-12-03,151,25.92,89788.25,101064.42,-16914.25,5153846.0,0.9911,118,29.56,0.8769,,0.45,0.2,0.23,0.12,1,0.0,2.0,0.5,3.5,1,0,-37647.0,0.0009,0.3198,0.6793,25.0452,24.3748,25.97,26.0,27.31,29.49,27.31,25.97,hold,1.39
2021-12-10,152,25.97,87892.75,98335.58,-15664.25,5165385.0,0.9933,111,29.56,0.8786,,0.45,0.2,0.23,0.12,1,0.0,1.48,0.5,3.5,1,0,-38286.0,0.0008,0.2832,0.716,25.0805,24.3926,26.0,26.5,27.49,29.68,27.49,26.0,buy,1.52
2021-12-17,153,26.0,86342.0,95799.25,-14185.88,5176923.0,0.9956,104,29.56,0.8796,,0.45,0.2,0.23,0.12,1,0.0,0.96,0.5,3.5,1,0,-38892.0,0.0007,0.2528,0.7465,25.1017,24.4033,26.0,26.5,27.68,29.85,27.68,26.0,hold,1.68
2021-12-24,154,26.0,85158.75,93492.5,-12500.62,5188462.0,0.9978,97,29.56,0.8796,,0.45,0.2,0.23,0.12,1,0.0,0.45,0.5,3.5,1,0,-39378.0,0.0007,0.2299,0.7694,25.1017,24.4033,26.0,26.62,27.85,30.02,27.85,26.0,buy,1.85
2021-12-31,155,26.0,84360.25,91448.92,-10633.0,5200000.0,1.0,90,29.56,0.8796,,0.45,0.2,0.23,0.12,0,0.0,0.0,0.5,3.5,1,0,-39780.0,0.0007,0.213,0.7863,25.1017,24.4033,26.5,26.73,28.02,30.18,28.02,26.5,buy,2.02
2022-01-07,156,26.5,86488.25,90541.67,-6080.12,5219231.0,0.949,83,31.66,0.837,,0.38,0.23,0.25,0.14,1,-17.41,8.7,0.6,5.0,0,1,-43420.0,0.0004,0.1713,0.8283,25.4749,24.6331,26.5,26.85,28.18,30.34,28.18,26.5,hold,1.68
2022-01-14,157,26.5,89036.75,89959.0,-1383.38,5238462.0,0.9524,76,31.66,0.837,,0.38,0.23,0.25,0.14,1,-16.71,8.36,0.6,5.0,0,1,-46217.0,0.0003,0.1447,0.8549,25.4749,24.6331,26.62,26.96,28.34,30.5,28.34,26.62,hold,1.84
2022-01-21,158,26.62,92017.75,89725.75,3438.0,5257692.0,0.9559,69,31.66,0.8408,,0.38,0.23,0.25,0.14,1,-16.02,8.01,0.6,5.0,0,1,-48815.0,0.0003,0.1232,0.8765,25.5617,24.6787,26.73,27.12,28.5,30.62,28.5,26.73,hold,1.88
2022-01-28,159,26.73,95436.5,89861.67,8362.25,5276923.0,0.9594,62,31.66,0.8443,,0.38,0.23,0.25,0.14,1,-15.33,7.66,0.6,5.0,0,1,-51200.0,0.0002,0.1065,0.8932,25.6412,24.7204,26.85,27.31,28.62,30.73,28.62,26.85,buy,1.89
2022-02-04,160,26.85,96762.5,90381.17,9572.0,5296154.0,0.9629,55,31.66,0.8481,,0.38,0.23,0.25,0.14,1,-14.64,7.32,0.6,5.0,0,1,-53431.0,0.0002,0.0932,0.9066,25.728,24.7661,26.96,27.49,28.73,30.85,28.73,26.96,buy,1.88
2022-02-11,161,26.96,98500.25,91293.0,10810.88,5315385.0,0.9664,48,31.66,0.8515,,0.38,0.23,0.25,0.14,1,-13.95,6.97,0.6,5.0,0,1,-55482.0,0.0002,0.0829,0.917,25.8076,24.8078,27.12,27.68,28.85,30.96,28.85,27.12,buy,1.89
2022-02-18,162,27.12,100624.25,92600.25,12036.0,5334615.0,0.9699,41,31.66,0.8566,,0.38,0.23,0.25,0.14,1,-13.25,6.63,0.6,5.0,0,1,-57545.0,0.0001,0.0733,0.9266,25.9233,24.8686,27.31,27.85,28.96,31.08,28.96,27.31,buy,1.84
2022-02-25,163,27.31,103104.0,94300.25,13205.62,5353846.0,0.9734,34,31.66,0.8626,,0.38,0.23,0.25,0.14,1,-12.56,6.28,0.6,5.0,0,1,-59687.0,0.0001,0.0642,0.9357,26.0608,24.9404,27.49,28.02,29.12,31.19,29.12,27.49,buy,1.81
2022-03-04,164,27.49,105902.75,96384.5,14277.38,5373077.0,0.9769,27,31.66,0.8683,,0.38,0.23,0.25,0.14,1,-11.87,5.93,0.6,5.0,0,1,-61815.0,0.0001,0.0563,0.9436,26.1915,25.0082,27.68,28.18,29.31,31.31,29.31,27.68,buy,1.82
2022-03-11,165,27.68,108980.25,98839.08,15211.75,5392308.0,0.9804,20,31.66,0.8743,,0.38,0.23,0.25,0.14,1,-11.18,5.59,0.6,5.0,0,1,-63939.0,0.0001,0.0495,0.9504,26.3295,25.0797,27.85,28.34,29.49,31.42,29.49,27.85,buy,1.81
2022-03-18,166,27.85,112291.25,101644.42,15970.25,5411538.0,0.9839,13,31.66,0.8797,,0.38,0.23,0.25,0.14,1,-10.48,5.24,0.6,5.0,0,1,-65958.0,0.0001,0.0441,0.9559,26.4529,25.1436,28.02,28.5,29.68,31.54,29.68,28.02,buy,1.83
2022-03-25,167,28.02,115787.5,104776.0,16517.25,5430769.0,0.9874,6,31.66,0.885,,0.38,0.23,0.25,0.14,1,-9.79,4.9,0.6,5.0,0,1,-67879.0,0.0001,0.0395,0.9604,26.5763,25.2077,28.18,28.62,29.85,31.65,29.85,28.18,buy,1.83
2022-04-01,168,28.18,119418.25,107361.17,18085.62,5450000.0,0.9909,364,31.66,0.8901,,0.38,0.23,0.25,0.14,1,-9.1,4.55,0.6,5.0,0,1,-69668.0,0.0,0.0358,0.9641,26.6925,25.2681,28.34,28.73,30.02,31.77,30.02,28.34,buy,1.84
2022-04-08,169,28.34,123130.25,110203.58,19390.0,5469231.0,0.9944,357,31.66,0.8951,,0.38,0.23,0.25,0.14,1,-8.41,4.2,0.6,5.0,0,1,-71344.0,0.0,0.0326,0.9673,26.8087,25.3284,28.5,28.85,30.18,31.88,30.18,28.5,buy,1.84
2022-04-15,170,28.5,126869.75,113261.75,20412.0,5488462.0,0.9979,350,31.66,0.9002,,0.38,0.23,0.25,0.14,1,-7.71,3.86,0.6,5.0,0,1,-72916.0,0.0,0.0298,0.9701,27.4841,27.1153,28.62,28.96,30.34,32.0,30.34,28.62,hold,1.84
2022-04-22,171,28.62,130581.75,116491.08,21136.0,5507692.0,1.0014,343,31.66,0.904,,0.38,0.23,0.25,0.14,1,-7.02,3.51,0.6,5.0,0,1,-74255.0,0.0,0.0278,0.9722,27.5442,27.1304,28.73,29.12,30.5,32.12,30.5,28.73,hold,1.88
2022-04-29,172,28.73,134212.5,119844.5,21552.0,5526923.0,1.0049,336,31.66,0.9075,,0.38,0.23,0.25,0.14,1,-6.33,3.16,0.6,5.0,0,1,-75378.0,0.0,0.0261,0.9738,27.5989,27.144,28.85,29.31,30.62,32.23,30.62,28.85,buy,1.89
2022-05-06,173,28.85,137708.75,123273.08,21653.5,5546154.0,1.0084,329,31.66,0.9112,,0.38,0.23,0.25,0.14,1,-5.64,2.82,0.6,5.0,0,1,-76375.0,0.0,0.0246,0.9754,27.6583,27.1587,28.96,29.49,30.73,32.35,30.73,28.96,buy,1.88
2022-05-13,174,28.96,141019.75,126726.92,21439.25,5565385.0,1.0119,322,31.66,0.9147,,0.38,0.23,0.25,0.14,1,-4.95,2.47,0.6,5.0,0,1,-77232.0,0.0,0.0232,0.9768,27.7131,27.172,29.12,29.68,30.85,32.46,30.85,29.12,buy,1.89
2022-05-20,175,29.12,144097.25,130155.5,20912.62,5584615.0,1.0154,315,31.66,0.9198,,0.38,0.23,0.25,0.14,1,-4.25,2.13,0.6,5.0,0,1,-78161.0,0.0,0.0216,0.9784,27.7919,27.1911,29.31,29.85,30.96,32.58,30.96,29.31,buy,1.84
2022-05-27,176,29.31,146896.0,133508.92,20080.62,5603846.0,1.0189,308,31.66,0.9258,,0.38,0.23,0.25,0.14,1,-3.56,1.78,0.6,5.0,0,1,-79241.0,0.0,0.0197,0.9803,27.8825,27.2132,29.49,30.02,31.08,32.69,31.08,29.49,buy,1.77
2022-06-03,177,29.49,149375.75,136738.25,18956.25,5623077.0,1.0224,301,31.66,0.9315,,0.38,0.23,0.25,0.14,1,-2.87,1.43,0.6,5.0,0,1,-80385.0,0.0,0.0181,0.9819,27.9654,27.2337,29.68,30.18,31.19,32.81,31.19,29.68,buy,1.7
2022-06-10,178,29.68,151499.75,139796.42,17555.0,5642308.0,1.0259,294,31.66,0.9375,,0.38,0.23,0.25,0.14,1,-2.18,1.09,0.6,5.0,0,1,-81604.0,0.0,0.0165,0.9835,28.0509,27.2548,29.85,30.34,31.31,32.92,31.31,29.85,buy,1.63
2022-06-17,179,29.85,153237.5,142638.83,15898.0,5661538.0,1.0294,287,31.66,0.9428,,0.38,0.23,0.25,0.14,1,-1.48,0.74,0.6,5.0,0,1,-82801.0,0.0,0.0152,0.9848,28.1249,27.2735,30.02,30.5,31.42,33.0,31.42,30.02,buy,1.57
2022-06-24,180,30.02,154563.5,145224.0,14009.25,5680769.0,1.0329,280,31.66,0.9482,,0.38,0.23,0.25,0.14,1,-0.79,0.4,0.6,5.0,0,1,-83975.0,0.0,0.0141,0.9859,28.1965,27.2914,30.18,30.62,31.54,33.0,31.54,30.18,buy,1.52
2022-07-01,181,30.18,155458.25,147514.25,11916.0,5700000.0,1.0364,273,31.66,0.9533,,0.38,0.23,0.25,0.14,1,-0.1,0.05,0.4,5.5,0,1,-85880.0,0.0,0.0131,0.9869,28.2612,27.3071,30.34,30.73,31.65,33.0,31.65,30.34,buy,1.47
2022-07-08,182,30.34,155909.0,149476.17,9649.25,5719231.0,1.0399,266,31.66,0.9583,,0.38,0.23,0.25,0.14,1,0.0,0.0,0.4,5.5,0,1,-88210.0,0.0,0.0121,0.9879,28.3237,27.3214,30.5,30.85,31.77,33.5,31.77,30.5,buy,1.43
2022-07-15,183,30.5,155909.0,151081.25,7241.62,5738462.0,1.0434,259,31.66,0.9634,,0.38,0.23,0.25,0.14,1,0.0,0.0,0.4,5.5,0,1,-90762.0,0.0,0.0113,0.9887,28.3833,27.3345,30.62,30.96,31.88,33.5,31.88,30.62,hold,1.38
2022-07-22,184,30.62,155458.25,152305.92,4728.5,5757692.0,1.0469,252,31.66,0.9672,,0.38,0.23,0.25,0.14,1,0.0,0.0,0.4,5.5,0,1,-93260.0,0.0,0.0107,0.9893,28.4258,27.3439,30.73,31.08,32.0,33.62,32.0,30.73,hold,1.38
2022-07-29,185,30.73,154563.5,153132.5,2146.5,5776923.0,1.0503,245,31.66,0.9706,,0.38,0.23,0.25,0.14,1,0.0,0.0,0.4,5.5,0,1,-95624.0,0.0,0.0102,0.9898,28.4627,27.352,30.85,31.19,32.12,33.73,32.12,30.85,hold,1.39
2022-08-05,186,30.85,153237.5,153548.75,-466.88,5796154.0,1.0538,238,31.66,0.9744,,0.38,0.23,0.25,0.14,1,0.0,0.0,0.4,5.5,0,1,-97875.0,0.0,0.0097,0.9903,28.5018,27.3602,30.96,31.31,32.23,33.85,32.23,30.96,hold,1.38
2022-08-12,187,30.96,151499.75,153548.75,-3073.5,5815385.0,1.0573,231,31.66,0.9779,,0.38,0.23,0.25,0.14,1,0.0,0.0,0.4,5.5,0,1,-99962.0,0.0,0.0092,0.9908,28.536,27.367,31.08,31.42,32.35,33.96,32.35,31.08,hold,1.39
2022-08-19,188,31.08,149375.75,153132.5,-5635.12,5834615.0,1.0608,224,31.66,0.9817,,0.38,0.23,0.25,0.14,1,0.0,0.0,0.4,5.5,0,1,-101926.0,0.0,0.0087,0.9913,28.5711,27.3744,31.19,31.54,32.46,34.15,32.46,31.19,hold,1.38
2022-08-26,189,31.19,146896.0,152305.92,-8114.88,5853846.0,1.0643,217,31.66,0.9852,,0.38,0.23,0.25,0.14,1,0.0,0.0,0.4,5.5,0,1,-103731.0,0.0,0.0083,0.9917,28.6005,27.3809,31.31,31.65,32.58,34.38,32.58,31.31,hold,1.39
2022-09-02,190,31.31,144097.25,151081.25,-10476.0,5873077.0,1.0678,210,31.66,0.9889,,0.38,0.23,0.25,0.14,1,0.0,0.0,0.4,5.5,0,1,-105430.0,0.0,0.0079,0.9921,28.6291,27.3881,31.42,31.77,32.69,34.62,32.69,31.42,hold,1.38
2022-09-09,191,31.42,141019.75,149476.17,-12684.62,5892308.0,1.0713,203,31.66,0.9924,,0.38,0.23,0.25,0.14,1,0.0,0.0,0.4,5.5,0,1,-106987.0,0.0,0.0076,0.9924,28.6531,27.3945,31.54,31.88,32.81,34.85,32.81,31.54,hold,1.39
2022-09-16,192,31.54,137708.75,147514.25,-14708.25,5911538.0,1.0748,196,31.66,0.9962,,0.38,0.23,0.25,0.14,1,0.0,0.0,0.4,5.5,0,1,-108454.0,0.0,0.0072,0.9928,28.6779,27.4007,31.65,32.0,32.92,35.08,32.92,31.65,hold,1.38
2022-09-23,193,31.65,134212.5,145224.0,-16517.25,5930769.0,1.0783,189,31.66,0.9997,,0.38,0.23,0.25,0.14,1,0.0,0.0,0.4,5.5,0,1,-109798.0,0.0,0.0069,0.9931,28.6984,27.4054,31.77,32.12,33.0,35.31,33.0,31.77,hold,1.35
2022-09-30,194,31.77,130581.75,142638.83,-18085.62,5950000.0,1.0818,182,31.66,1.0035,,0.38,0.23,0.25,0.14,0,0.0,0.0,0.4,5.5,0,1,-111073.0,0.0,0.0065,0.9935,28.7183,27.4096,31.88,32.23,33.0,35.54,33.0,31.88,hold,1.23
2022-10-07,195,31.88,126869.75,139796.42,-19390.0,5969231.0,1.0853,175,31.66,1.0069,,0.38,0.23,0.25,0.14,0,0.0,0.0,0.4,5.5,0,1,-112246.0,0.0,0.0062,0.9938,28.7328,27.4126,32.0,32.35,33.0,35.77,33.0,32.0,hold,1.12
2022-10-14,196,32.0,123130.25,136738.25,-20412.0,5988462.0,1.0888,168,31.66,1.0107,,0.38,0.23,0.25,0.14,0,0.0,0.0,0.4,5.5,0,1,-113367.0,0.0,0.0059,0.9941,28.7462,27.4154,32.12,32.46,33.5,36.0,33.5,32.12,hold,1.5
2022-10-21,197,32.12,119418.25,133508.92,-21136.0,6007692.0,1.0923,161,31.66,1.0145,,0.38,0.23,0.25,0.14,0,0.0,0.0,0.4,5.5,0,1,-114436.0,0.0,0.0056,0.9944,28.7549,27.4172,32.23,32.58,33.5,36.12,33.5,32.23,hold,1.38
2022-10-28,198,32.23,115787.5,130155.5,-21552.0,6026923.0,1.0958,154,31.66,1.018,,0.38,0.23,0.25,0.14,0,0.0,0.0,0.4,5.5,0,1,-115419.0,0.0,0.0054,0.9946,28.7589,27.4183,32.35,32.69,33.62,36.23,33.62,32.35,hold,1.39
2022-11-04,199,32.35,112291.25,126726.92,-21653.5,6046154.0,1.0993,147,31.66,1.0218,,0.38,0.23,0.25,0.14,0,0.0,0.0,0.4,5.5,0,1,-116366.0,0.0,0.0051,0.9949,28.7603,27.4187,32.46,32.81,33.73,36.35,33.73,32.46,hold,1.38
2022-11-11,200,32.46,108980.25,123273.08,-21439.25,6065385.0,1.1028,140,31.66,1.0253,,0.38,0.23,0.25,0.14,0,0.0,0.0,0.4,5.5,0,1,-117240.0,0.0,0.0049,0.9951,28.7592,27.4188,32.58,32.92,33.85,36.46,33.85,32.58,hold,1.39
2022-11-18,201,32.58,105902.75,119844.5,-20912.62,6084615.0,1.1063,133,31.66,1.0291,,0.38,0.23,0.25,0.14,0,0.0,0.0,0.4,5.5,0,1,-118088.0,0.0,0.0047,0.9953,28.7564,27.4184,32.69,33.0,33.96,36.58,33.96,32.69,hold,1.38
2022-11-25,202,32.69,103104.0,116491.08,-20080.62,6103846.0,1.1098,126,31.66,1.0325,,0.38,0.23,0.25,0.14,0,0.0,0.0,0.4,5.5,0,1,-118876.0,0.0,0.0044,0.9956,28.75,27.4178,32.81,33.0,34.15,36.69,34.15,32.81,hold,1.46
2022-12-02,203,32.81,100624.25,113261.75,-18956.25,6123077.0,1.1133,119,31.66,1.0363,,0.38,0.23,0.25,0.14,0,0.0,0.0,0.4,5.5,0,1,-119646.0,0.0,0.0042,0.9958,28.7408,27.4162,32.92,33.0,34.38,36.81,34.38,32.92,hold,1.57
2022-12-09,204,32.92,98500.25,110203.58,-17555.0,6142308.0,1.1168,112,31.66,1.0398,,0.38,0.23,0.25,0.14,0,0.0,0.0,0.4,5.5,0,1,-120358.0,0.0,0.004,0.996,28.731,27.4141,33.0,33.5,34.62,36.92,34.62,33.0,buy,1.7
2022-12-16,205,33.0,96762.5,107361.17,-15898.0,6161538.0,1.1203,105,31.66,1.0423,,0.38,0.23,0.25,0.14,0,0.0,0.0,0.4,5.5,0,1,-120915.0,0.0,0.0039,0.9961,28.7216,27.4119,33.0,33.5,34.85,36.92,34.85,33.0,hold,1.85
2022-12-23,206,33.0,95436.5,104776.0,-14009.25,6180769.0,1.1238,98,31.66,1.0423,,0.38,0.23,0.25,0.14,0,0.0,0.0,0.4,5.5,0,1,-121066.0,0.0,0.0039,0.9961,28.7216,27.4119,33.0,33.62,35.08,36.69,35.08,33.0,buy,2.08
2022-12-30,207,33.0,94541.75,102485.75,-11916.0,6200000.0,1.1273,91,31.66,1.0423,,0.38,0.23,0.25,0.14,0,0.0,0.0,0.4,5.5,0,1,-120926.0,0.0,0.0039,0.9961,28.7216,27.4119,33.5,33.73,35.31,36.46,35.31,33.5,buy,2.31
2023-01-06,208,33.5,96621.25,101367.25,-7119.0,6226923.0,1.0736,84,33.76,0.9923,,0.32,0.25,0.27,0.16,0,0.0,0.0,0.1,5.0,0,0,-124143.0,0.0,0.0032,0.9968,30.0053,27.9706,33.5,33.85,35.54,36.23,35.54,33.5,hold,2.04
2023-01-13,209,33.5,99169.75,100611.67,-2162.88,6253846.0,1.0782,77,33.76,0.9923,,0.32,0.25,0.27,0.16,0,0.0,0.0,0.1,5.0,0,0,-126389.0,0.0,0.0032,0.9968,30.0053,27.9706,33.62,33.96,35.77,36.0,35.77,33.62,hold,2.27
2023-01-20,210,33.62,102199.25,100246.58,2929.0,6280769.0,1.0829,70,33.76,0.9959,,0.32,0.25,0.27,0.16,0,0.0,0.0,0.1,5.0,0,0,-128340.0,0.0,0.003,0.997,30.0411,27.9804,33.73,34.15,36.0,35.88,36.0,33.73,buy,2.38
2023-01-27,211,33.73,105714.5,100293.5,8131.5,6307692.0,1.0875,63,33.76,0.9991,,0.32,0.25,0.27,0.16,0,0.0,0.0,0.1,5.0,0,0,-130007.0,0.0,0.0029,0.9971,30.0712,27.9885,33.85,34.38,36.12,35.77,36.12,33.85,buy,2.39
2023-02-03,212,33.85,107183.25,100768.25,9622.5,6334615.0,1.0922,56,33.76,1.0027,,0.32,0.25,0.27,0.16,0,0.0,0.0,0.1,5.0,0,0,-131471.0,0.0,0.0028,0.9972,30.1008,27.9969,33.96,34.62,36.23,35.65,36.23,33.96,buy,2.38
2023-02-10,213,33.96,109108.25,101680.17,11142.12,6361538.0,1.0968,49,33.76,1.0059,,0.32,0.25,0.27,0.16,0,0.0,0.0,0.1,5.0,0,0,-132725.0,0.0,0.0027,0.9973,30.1255,28.0037,34.15,34.85,36.35,35.54,36.35,34.15,buy,2.39
2023-02-17,214,34.15,111461.0,103032.25,12643.12,6388462.0,1.1015,42,33.76,1.0116,,0.32,0.25,0.27,0.16,0,0.0,0.0,0.1,5.0,0,0,-134091.0,0.0,0.0025,0.9975,30.1609,28.0136,34.38,35.08,36.46,35.35,36.46,34.38,buy,2.31
2023-02-24,215,34.38,114207.75,104821.33,14079.62,6415385.0,1.1061,35,33.76,1.0184,,0.32,0.25,0.27,0.16,0,0.0,0.0,0.1,5.0,0,0,-135658.0,0.0,0.0022,0.9978,30.1935,28.023,34.62,35.31,36.58,35.12,36.58,34.62,buy,2.2
2023-03-03,216,34.62,117308.0,107037.5,15405.75,6442308.0,1.1107,28,33.76,1.0255,,0.32,0.25,0.27,0.16,1,3.44,-3.44,0.1,5.0,0,0,-138165.0,0.0,0.002,0.998,30.2159,28.0298,34.85,35.54,36.69,34.88,36.69,34.85,buy,2.07
2023-03-10,217,34.85,120716.75,109664.92,16577.75,6469231.0,1.1154,21,33.76,1.0323,,0.32,0.25,0.27,0.16,1,3.22,-3.22,0.1,5.0,0,0,-141186.0,0.0,0.0019,0.9981,30.221,28.032,35.08,35.77,36.81,34.65,36.81,35.08,buy,1.96
2023-03-17,218,35.08,124384.5,112681.58,17554.38,6496154.0,1.12,14,33.76,1.0391,,0.32,0.25,0.27,0.16,1,3.0,-3.0,0.1,5.0,0,0,-144473.0,0.0,0.0017,0.9983,30.2136,28.0301,35.31,36.0,36.92,34.42,36.92,35.31,buy,1.84
2023-03-24,219,35.31,128257.25,116059.83,18296.12,6523077.0,1.1247,7,33.76,1.0459,,0.32,0.25,0.27,0.16,1,2.78,-2.78,0.1,5.0,0,0,-147863.0,0.0,0.0016,0.9984,30.1977,28.0252,35.54,36.12,36.92,34.19,36.92,35.54,buy,1.61
2023-03-31,220,35.54,132279.0,118923.42,20033.38,6550000.0,1.1293,0,33.76,1.0527,,0.32,0.25,0.27,0.16,1,2.56,-2.56,0.1,5.0,0,0,-151246.0,0.0,0.0014,0.9986,30.1696,28.017,35.77,36.23,36.69,33.96,36.92,35.77,buy,1.38
2023-04-07,221,35.77,136390.75,122071.92,21478.25,6576923.0,1.134,359,33.76,1.0595,,0.32,0.25,0.27,0.16,1,2.34,-2.34,0.1,5.0,0,0,-154554.0,0.0,0.0013,0.9987,30.1318,28.006,36.0,36.35,36.46,33.73,36.92,36.0,buy,1.15
2023-04-14,222,36.0,140532.75,125459.42,22610.0,6603846.0,1.1386,352,33.76,1.0664,,0.32,0.25,0.27,0.16,1,2.12,-2.12,0.1,5.0,0,0,-157744.0,0.0,0.0012,0.9988,30.0822,27.9919,36.12,36.46,36.23,33.5,36.92,36.12,hold,0.92
2023-04-21,223,36.12,144644.5,129036.5,23412.0,6630769.0,1.1432,345,33.76,1.0699,,0.32,0.25,0.27,0.16,1,1.91,-1.91,0.1,5.0,0,0,-160394.0,0.0,0.0011,0.9989,30.0512,27.9834,36.23,36.58,36.0,33.38,36.92,36.0,hold,0.8
2023-04-28,224,36.23,148666.0,132751.0,23872.5,6657692.0,1.1479,338,33.76,1.0732,,0.32,0.25,0.27,0.16,1,1.69,-1.69,0.1,5.0,0,0,-162575.0,0.0,0.0011,0.9989,30.0192,27.9749,36.35,36.69,35.88,33.27,36.92,35.88,hold,0.69
2023-05-05,225,36.35,152538.75,136548.75,23985.0,6684615.0,1.1525,331,33.76,1.0767,,0.32,0.25,0.27,0.16,1,1.47,-1.47,0.1,5.0,0,0,-164424.0,0.0,0.001,0.999,29.9807,27.9647,36.46,36.81,35.77,33.15,36.92,35.77,hold,0.57
2023-05-12,226,36.46,156206.25,140374.5,23747.62,6711538.0,1.1572,324,33.76,1.08,,0.32,0.25,0.27,0.16,1,1.25,-1.25,0.1,5.0,0,0,-165963.0,0.0,0.001,0.999,29.9438,27.9545,36.58,36.92,35.65,33.04,36.92,35.65,hold,0.46
2023-05-19,227,36.58,159615.25,144172.33,23164.38,6738462.0,1.1618,317,33.76,1.0835,,0.32,0.25,0.27,0.16,1,1.03,-1.03,0.1,5.0,0,0,-167292.0,0.0,0.0009,0.9991,29.9016,27.9428,36.69,36.92,35.54,32.92,36.92,35.54,hold,0.34
2023-05-26,228,36.69,162715.5,147886.83,22243.0,6765385.0,1.1664,310,33.76,1.0868,,0.32,0.25,0.27,0.16,1,0.81,-0.81,0.1,5.0,0,0,-168407.0,0.0,0.0009,0.9991,29.8611,27.9314,36.81,36.69,35.35,32.81,36.92,35.35,hold,0.23
2023-06-02,229,36.81,165462.25,151463.92,20997.5,6792308.0,1.1711,303,33.76,1.0903,,0.32,0.25,0.27,0.16,1,0.59,-0.59,0.1,5.0,0,0,-169390.0,0.0,0.0009,0.9991,29.8151,27.9184,36.92,36.46,35.12,32.69,36.92,35.12,hold,0.11
2023-06-09,230,36.92,167815.0,154851.33,19445.5,6819231.0,1.1757,296,33.76,1.0936,,0.32,0.25,0.27,0.16,1,0.37,-0.37,0.1,5.0,0,0,-170220.0,0.0,0.0008,0.9992,29.7718,27.9062,36.92,36.23,34.88,32.58,36.92,34.88,sell,0.0
2023-06-16,231,36.92,169739.75,157999.83,17609.88,6846154.0,1.1804,289,33.76,1.0936,,0.32,0.25,0.27,0.16,1,0.16,-0.16,0.1,5.0,0,0,-170526.0,0.0,0.0008,0.9992,29.7718,27.9062,36.69,36.0,34.65,32.5,36.69,34.65,sell,0.0
2023-06-23,232,36.69,171208.75,160863.42,15518.0,6873077.0,1.185,282,33.76,1.0868,,0.32,0.25,0.27,0.16,0,0.0,0.0,0.1,5.0,0,0,-169605.0,0.0,0.0009,0.9991,29.8611,27.9314,36.46,35.88,34.42,32.5,36.46,34.42,sell,0.0
2023-06-30,233,36.46,172200.0,163400.33,13199.5,6900000.0,1.1897,275,33.76,1.08,,0.32,0.25,0.27,0.16,0,0.0,0.0,0.1,5.0,0,0,-167813.0,0.0,0.001,0.999,29.9438,27.9545,36.23,35.77,34.19,32.5,36.23,34.19,sell,0.0
2023-07-07,234,36.23,172699.5,165573.58,10688.88,6926923.0,1.1943,268,33.76,1.0732,,0.32,0.25,0.27,0.16,1,0.0,7.18,0.3,4.5,0,0,-163831.0,0.0,0.0011,0.9989,30.0192,27.9749,36.0,35.65,33.96,32.0,36.0,33.96,sell,0.0
2023-07-14,235,36.0,172699.5,167351.5,8022.0,6953846.0,1.1989,261,33.76,1.0664,,0.32,0.25,0.27,0.16,1,0.0,6.8,0.3,4.5,0,0,-158486.0,0.0,0.0012,0.9988,30.0822,27.9919,35.88,35.54,33.73,32.0,35.88,33.73,hold,0.0
2023-07-21,236,35.88,172200.0,168708.08,5237.88,6980769.0,1.2036,254,33.76,1.0628,,0.32,0.25,0.27,0.16,1,0.0,6.43,0.3,4.5,0,0,-152737.0,0.0,0.0012,0.9988,30.1101,27.9996,35.77,35.35,33.5,31.77,35.77,33.5,sell,0.0
2023-07-28,237,35.77,171208.75,169623.67,2377.62,7007692.0,1.2082,247,33.76,1.0595,,0.32,0.25,0.27,0.16,1,0.0,6.05,0.3,4.5,0,0,-146876.0,0.0,0.0013,0.9987,30.1318,28.006,35.65,35.12,33.38,31.54,35.65,33.38,sell,0.0
2023-08-04,238,35.65,169739.75,170084.75,-517.5,7034615.0,1.2129,240,33.76,1.056,,0.32,0.25,0.27,0.16,1,0.0,5.68,0.3,4.5,0,0,-141025.0,0.0,0.0014,0.9986,30.4426,27.2394,35.54,34.88,33.27,31.31,35.54,33.27,sell,0.0
2023-08-11,239,35.54,167815.0,170084.75,-3404.62,7061538.0,1.2175,233,33.76,1.0527,,0.32,0.25,0.27,0.16,1,0.0,5.3,0.3,4.5,0,0,-135333.0,0.0,0.0014,0.9986,30.4905,27.2644,35.35,34.65,33.15,31.08,35.35,33.15,sell,0.0
2023-08-18,240,35.35,165462.25,169623.67,-6242.12,7088462.0,1.2221,226,33.76,1.0471,,0.32,0.25,0.27,0.16,1,0.0,4.93,0.3,4.5,0,0,-129561.0,0.0,0.0015,0.9985,30.5585,27.2994,35.12,34.42,33.04,30.85,35.12,33.04,sell,0.0
2023-08-25,241,35.12,162715.5,168708.08,-8988.88,7115385.0,1.2268,219,33.76,1.0403,,0.32,0.25,0.27,0.16,1,0.0,4.55,0.3,4.5,0,0,-123678.0,0.0,0.0017,0.9983,30.6203,27.3325,34.88,34.19,32.92,30.62,34.88,32.92,sell,0.0
2023-09-01,242,34.88,159615.25,167351.5,-11604.38,7142308.0,1.2314,212,33.76,1.0332,,0.32,0.25,0.27,0.16,1,0.0,4.18,0.3,4.5,0,0,-117766.0,0.0,0.0018,0.9982,30.658,27.3531,34.65,33.96,32.81,30.38,34.65,32.81,sell,0.0
2023-09-08,243,34.65,156206.25,165573.58,-14051.0,7169231.0,1.2361,205,33.76,1.0264,,0.32,0.25,0.27,0.16,1,0.0,3.8,0.3,4.5,0,0,-111944.0,0.0,0.002,0.998,30.6752,27.3629,34.42,33.73,32.69,30.15,34.42,32.69,sell,0.0
2023-09-15,244,34.42,152538.75,163400.33,-16292.38,7196154.0,1.2407,198,33.76,1.0195,,0.32,0.25,0.27,0.16,1,0.0,3.43,0.3,4.5,0,0,-106258.0,0.0,0.0022,0.9978,30.6673,27.3598,34.19,33.5,32.58,29.96,34.19,32.58,sell,0.0
2023-09-22,245,34.19,148666.0,160863.42,-18296.12,7223077.0,1.2454,191,33.76,1.0127,,0.32,0.25,0.27,0.16,1,0.0,3.05,0.3,4.5,0,0,-100725.0,0.0,0.0024,0.9976,30.6322,27.3421,33.96,33.38,32.5,29.85,33.96,32.5,sell,0.0
2023-09-29,246,33.96,144644.5,157999.83,-20033.0,7250000.0,1.25,184,33.76,1.0059,,0.32,0.25,0.27,0.16,1,0.0,2.68,0.3,4.5,0,0,-95355.0,0.0,0.0026,0.9974,30.5718,27.3108,33.73,33.27,32.5,29.73,33.73,32.5,sell,0.0
2023-10-06,247,33.73,140532.75,154851.33,-21477.88,7276923.0,1.2546,177,33.76,0.9991,,0.32,0.25,0.27,0.16,1,0.0,2.3,0.3,4.5,0,0,-90148.0,0.0,0.0029,0.9971,30.4891,27.2669,33.5,33.15,32.5,29.62,33.5,32.5,sell,0.0
2023-10-13,248,33.5,136390.75,151463.92,-22609.75,7303846.0,1.2593,170,33.76,0.9923,,0.32,0.25,0.27,0.16,1,0.0,1.93,0.3,4.5,0,0,-85098.0,0.0,0.0032,0.9968,30.3832,27.2118,33.38,33.04,32.0,29.5,33.38,32.0,hold,0.0
2023-10-20,249,33.38,132279.0,147886.83,-23411.75,7330769.0,1.2639,163,33.76,0.9887,,0.32,0.25,0.27,0.16,1,0.0,1.55,0.3,4.5,0,0,-80600.0,0.0,0.0033,0.9967,30.3221,27.1799,33.27,32.92,32.0,29.38,33.27,32.0,hold,0.0
2023-10-27,250,33.27,128257.25,144172.33,-23872.62,7357692.0,1.2686,156,33.76,0.9855,,0.32,0.25,0.27,0.16,1,0.0,1.18,0.3,4.5,0,0,-76559.0,0.0,0.0035,0.9965,30.263,27.1493,33.15,32.81,31.77,29.27,33.15,31.77,hold,0.0
2023-11-03,251,33.15,124384.5,140374.5,-23985.0,7384615.0,1.2732,149,33.76,0.9819,,0.32,0.25,0.27,0.16,1,0.0,0.8,0.3,4.5,0,0,-72831.0,0.0,0.0037,0.9963,30.1958,27.1148,33.04,32.69,31.54,29.15,33.04,31.54,hold,0.0
2023-11-10,252,33.04,120716.75,136548.75,-23748.0,7411538.0,1.2779,142,33.76,0.9787,,0.32,0.25,0.27,0.16,1,0.0,0.43,0.3,4.5,0,0,-69382.0,0.0,0.0038,0.9962,30.1317,27.0814,32.92,32.58,31.31,29.04,32.92,31.31,hold,0.0
2023-11-17,253,32.92,117308.0,132751.0,-23164.5,7438462.0,1.2825,135,33.76,0.9751,,0.32,0.25,0.27,0.16,1,0.0,0.05,0.3,4.5,0,0,-66112.0,0.0,0.004,0.996,30.059,27.0438,32.81,32.5,31.08,28.92,32.81,31.08,hold,0.0
2023-11-24,254,32.81,114207.75,129036.5,-22243.12,7465385.0,1.2871,128,33.76,0.9719,,0.32,0.25,0.27,0.16,0,0.0,0.0,0.3,4.5,0,0,-63018.0,0.0,0.0042,0.9958,29.9904,27.0083,32.69,32.5,30.85,28.81,32.69,30.85,hold,0.0
2023-12-01,255,32.69,111461.0,125459.42,-20997.62,7492308.0,1.2918,121,33.76,0.9683,,0.32,0.25,0.27,0.16,0,0.0,0.0,0.3,4.5,0,0,-60027.0,0.0,0.0044,0.9956,29.9136,26.9681,32.58,32.5,30.62,28.69,32.58,30.62,hold,0.0
2023-12-08,256,32.58,109108.25,122071.92,-19445.5,7519231.0,1.2964,114,33.76,0.965,,0.32,0.25,0.27,0.16,0,0.0,0.0,0.3,4.5,0,0,-57156.0,0.0,0.0046,0.9954,29.8418,26.9303,32.5,32.0,30.38,28.58,32.5,30.38,sell,0.0
2023-12-15,257,32.5,107183.25,118923.42,-17610.25,7546154.0,1.3011,107,33.76,0.9627,,0.32,0.25,0.27,0.16,0,0.0,0.0,0.3,4.5,0,0,-54483.0,0.0,0.0048,0.9952,29.7884,26.9022,32.5,32.0,30.15,28.46,32.5,30.15,hold,0.0
2023-12-22,258,32.5,105714.5,116059.83,-15518.0,7573077.0,1.3057,100,33.76,0.9627,,0.32,0.25,0.27,0.16,0,0.0,0.0,0.3,4.5,0,0,-52252.0,0.0,0.0048,0.9952,29.7884,26.9022,32.5,31.77,29.96,28.35,32.5,29.96,sell,0.0
2023-12-29,259,32.5,104723.25,113522.92,-13199.5,7600000.0,1.3103,93,33.76,0.9627,,0.32,0.25,0.27,0.16,0,0.0,0.0,0.3,4.5,0,0,-50335.0,0.0,0.0048,0.9952,29.7884,26.9022,32.0,31.54,29.85,28.23,32.0,29.85,sell,0.0
2024-01-05,260,32.0,102778.0,110867.67,-12134.5,7613462.0,1.2481,86,35.05,0.913,,0.28,0.27,0.28,0.17,1,8.31,12.47,0.5,5.5,1,0,-47908.0,0.0,0.0058,0.9942,29.4675,26.7396,32.0,31.31,29.73,28.12,32.0,29.73,sell,0.0
2024-01-12,261,32.0,101321.75,108604.33,-10923.88,7626923.0,1.2503,79,35.05,0.913,,0.28,0.27,0.28,0.17,1,7.99,11.98,0.5,5.5,1,0,-46133.0,0.0,0.0059,0.9941,29.4675,26.7396,31.77,31.08,29.62,28.0,31.77,29.62,sell,0.0
2024-01-19,262,31.77,100347.25,106756.5,-9613.88,7640385.0,1.2525,72,35.05,0.9064,,0.28,0.27,0.28,0.17,1,7.66,11.49,0.5,5.5,1,0,-43960.0,0.0,0.0064,0.9936,29.3004,26.6518,31.54,30.85,29.5,27.88,31.54,29.5,sell,0.0
2024-01-26,263,31.54,99841.25,105341.83,-8250.88,7653846.0,1.2547,65,35.05,0.8999,,0.28,0.27,0.28,0.17,1,7.33,11.0,0.5,5.5,1,0,-41495.0,0.0,0.0071,0.9929,29.1336,26.5639,31.31,30.62,29.38,27.77,31.31,29.38,sell,0.0
2024-02-02,264,31.31,101228.5,104371.58,-4714.62,7667308.0,1.2569,58,35.05,0.8933,,0.28,0.27,0.28,0.17,1,7.01,10.51,0.5,5.5,1,0,-38818.0,0.0,0.0078,0.9922,28.9672,26.476,31.08,30.38,29.27,27.65,31.08,29.27,sell,0.0
2024-02-09,265,31.08,103046.5,103850.5,-1206.0,7680769.0,1.2591,51,35.05,0.8867,,0.28,0.27,0.28,0.17,1,6.68,10.02,0.5,5.5,1,0,-35986.0,0.0,0.0086,0.9914,28.8009,26.3879,30.85,30.15,29.15,27.54,30.85,29.15,sell,0.0
2024-02-16,266,30.85,105268.75,103776.83,2237.88,7694231.0,1.2613,44,35.05,0.8802,,0.28,0.27,0.28,0.17,1,6.35,9.53,0.5,5.5,1,0,-33036.0,0.0,0.0095,0.9905,28.6345,26.3001,30.62,29.96,29.04,27.42,30.62,29.04,sell,0.0
2024-02-23,267,30.62,107862.75,104142.42,5580.5,7707692.0,1.2636,37,35.05,0.8736,,0.28,0.27,0.28,0.17,1,6.02,9.04,0.5,5.5,1,0,-30000.0,0.0,0.0105,0.9895,28.4675,26.2122,30.38,29.85,28.92,27.31,30.38,28.92,sell,0.0
2024-03-01,268,30.38,110790.75,104932.42,8787.5,7721154.0,1.2658,30,35.05,0.8668,,0.28,0.27,0.28,0.17,1,5.7,8.55,0.5,5.5,1,0,-26860.0,0.0,0.0116,0.9884,28.2932,26.1206,30.15,29.73,28.81,27.19,30.15,28.81,sell,0.0
2024-03-08,269,30.15,114010.0,106126.08,11825.88,7734615.0,1.268,23,35.05,0.8602,,0.28,0.27,0.28,0.17,1,5.37,8.06,0.5,5.5,1,0,-23681.0,0.0,0.0129,0.9871,28.1262,26.0328,29.96,29.62,28.69,27.08,29.96,28.69,sell,0.0
2024-03-15,270,29.96,117473.75,107696.58,14665.75,7748077.0,1.2702,16,35.05,0.8548,,0.28,0.27,0.28,0.17,1,5.04,7.57,0.5,5.5,1,0,-20619.0,0.0,0.014,0.986,27.9882,25.96,29.85,29.5,28.58,26.96,29.85,28.58,hold,0.0
2024-03-22,271,29.85,121131.5,109611.83,17279.5,7761538.0,1.2724,9,35.05,0.8516,,0.28,0.27,0.28,0.17,1,4.72,7.08,0.5,5.5,1,0,-17931.0,0.0,0.0148,0.9852,27.9084,25.9179,29.73,29.38,28.46,26.85,29.73,28.46,hold,0.0
2024-03-29,272,29.73,124929.75,112316.33,18920.12,7775000.0,1.2746,2,35.05,0.8482,,0.28,0.27,0.28,0.17,1,4.39,6.59,0.5,5.5,1,0,-15467.0,0.0,0.0156,0.9844,27.8212,25.8719,29.62,29.27,28.35,26.73,29.62,28.35,hold,0.0
2024-04-05,273,29.62,128813.25,115289.92,20285.0,7788462.0,1.2768,360,35.05,0.8451,,0.28,0.27,0.28,0.17,1,4.06,6.09,0.5,5.5,1,0,-13193.0,0.0,0.0165,0.9835,27.7414,25.8298,29.5,29.15,28.23,26.62,29.5,28.23,hold,0.0
2024-04-12,274,29.5,132725.25,118489.25,21354.0,7801923.0,1.279,353,35.05,0.8417,,0.28,0.27,0.28,0.17,1,3.74,5.6,0.5,5.5,1,0,-11012.0,0.0,0.0174,0.9826,27.6542,25.7839,29.38,29.04,28.12,26.5,29.38,28.12,hold,0.0
2024-04-19,275,29.38,136608.5,121867.58,22111.38,7815385.0,1.2812,346,35.05,0.8382,,0.28,0.27,0.28,0.17,1,3.41,5.11,0.5,5.5,1,0,-8896.0,0.0,0.0184,0.9816,27.5671,25.7379,29.27,28.92,28.0,26.38,29.27,28.0,hold,0.0
2024-04-26,276,29.27,140406.75,125375.75,22546.5,7828846.0,1.2834,339,35.05,0.8351,,0.28,0.27,0.28,0.17,1,3.08,4.62,0.5,5.5,1,0,-6856.0,0.0,0.0194,0.9806,27.4872,25.6958,29.15,28.81,27.88,26.27,29.15,27.88,hold,0.0
2024-05-03,277,29.15,144064.5,128962.58,22652.88,7842308.0,1.2856,332,35.05,0.8317,,0.28,0.27,0.28,0.17,1,2.76,4.13,0.5,5.5,1,0,-4832.0,0.0,0.0205,0.9795,27.4001,25.6499,29.04,28.69,27.77,26.15,29.04,27.77,hold,0.0
2024-05-10,278,29.04,147528.25,132575.75,22428.75,7855769.0,1.2878,325,35.05,0.8285,,0.28,0.27,0.28,0.17,1,2.43,3.64,0.5,5.5,1,0,-2855.0,0.0,0.0216,0.9784,27.3202,25.6077,28.92,28.58,27.65,26.04,28.92,27.65,hold,0.0
2024-05-17,279,28.92,150747.75,136162.58,21877.75,7869231.0,1.29,318,35.05,0.8251,,0.28,0.27,0.28,0.17,1,2.1,3.15,0.5,5.5,1,0,-870.0,0.0,0.0229,0.9771,27.2331,25.5618,28.81,28.46,27.54,25.92,28.81,27.54,hold,0.0
2024-05-24,280,28.81,153675.75,139670.75,21007.5,7882692.0,1.2922,311,35.05,0.822,,0.28,0.27,0.28,0.17,1,1.77,2.66,0.5,5.5,1,0,1084.0,0.0,0.0242,0.9758,27.1532,25.5197,28.69,28.35,27.42,25.81,28.69,27.42,hold,0.0
2024-05-31,281,28.69,156269.75,143049.17,19830.88,7896154.0,1.2945,304,35.05,0.8185,,0.28,0.27,0.28,0.17,1,1.45,2.17,0.5,5.5,1,0,3052.0,0.0,0.0256,0.9744,27.066,25.4737,28.58,28.23,27.31,25.69,28.58,27.31,hold,0.0
2024-06-07,282,28.58,158492.0,146248.5,18365.25,7909615.0,1.2967,297,35.05,0.8154,,0.28,0.27,0.28,0.17,1,1.12,1.68,0.5,5.5,1,0,4994.0,0.0,0.0271,0.9729,26.9862,25.4316,28.46,28.12,27.19,25.58,28.46,27.19,hold,0.0
2024-06-14,283,28.46,160310.0,149222.08,16631.88,7923077.0,1.2989,290,35.05,0.812,,0.28,0.27,0.28,0.17,1,0.79,1.19,0.5,5.5,1,0,6955.0,0.0,0.0288,0.9712,26.899,25.3857,28.35,28.0,27.08,25.5,28.35,27.08,hold,0.0
2024-06-21,284,28.35,161697.25,151926.58,14656.0,7936538.0,1.3011,283,35.05,0.8088,,0.28,0.27,0.28,0.17,1,0.47,0.7,0.5,5.5,1,0,8889.0,0.0,0.0305,0.9695,26.8191,25.3435,28.23,27.88,26.96,25.5,28.23,26.96,hold,0.0
2024-06-28,285,28.23,162633.5,154322.58,12466.38,7950000.0,1.3033,276,35.05,0.8054,,0.28,0.27,0.28,0.17,1,0.14,0.21,0.5,5.5,1,0,10841.0,0.0,0.0324,0.9676,26.732,25.2976,28.12,27.77,26.85,25.5,28.12,26.85,hold,0.0
2024-07-05,286,28.12,163105.0,156375.08,10094.88,7963462.0,1.3055,269,35.05,0.8023,,0.28,0.27,0.28,0.17,1,2.86,0.0,0.4,5.0,0,0,11981.0,0.0,0.0344,0.9656,26.6521,25.2555,28.0,27.65,26.73,25.0,28.0,26.73,hold,0.0
2024-07-12,287,28.0,163105.0,158054.25,7576.12,7976923.0,1.3077,262,35.05,0.7989,,0.28,0.27,0.28,0.17,1,2.61,0.0,0.4,5.0,0,0,12673.0,0.0001,0.0366,0.9634,26.565,25.2095,27.88,27.54,26.62,25.0,27.88,26.62,hold,0.0
2024-07-19,288,27.88,162633.5,159335.5,4947.0,7990385.0,1.3099,255,35.05,0.7954,,0.28,0.27,0.28,0.17,1,2.36,0.0,0.4,5.0,0,0,13118.0,0.0001,0.0391,0.9609,26.4779,25.1636,27.77,27.42,26.5,24.88,27.77,26.5,hold,0.0
2024-07-26,289,27.77,161697.25,160200.17,2245.62,8003846.0,1.3121,248,35.05,0.7923,,0.28,0.27,0.28,0.17,1,2.11,0.0,0.4,5.0,0,0,13419.0,0.0001,0.0416,0.9584,26.398,25.1215,27.65,27.31,26.38,24.77,27.65,26.38,hold,0.0
2024-08-02,290,27.65,160310.0,160635.67,-488.5,8017308.0,1.3143,241,35.05,0.7889,,0.28,0.27,0.28,0.17,1,1.86,0.0,0.4,5.0,0,0,13714.0,0.0001,0.0444,0.9555,26.3108,25.0755,27.54,27.19,26.27,24.65,27.54,26.27,hold,0.0
2024-08-09,291,27.54,158492.0,160635.67,-3215.5,8030769.0,1.3165,234,35.05,0.7857,,0.28,0.27,0.28,0.17,1,1.61,0.0,0.4,5.0,0,0,14018.0,0.0001,0.0474,0.9525,26.231,25.0334,27.42,27.08,26.15,24.54,27.42,26.15,hold,0.0
2024-08-16,292,27.42,156269.75,160200.17,-5895.62,8044231.0,1.3187,227,35.05,0.7823,,0.28,0.27,0.28,0.17,1,1.36,0.0,0.4,5.0,0,0,14414.0,0.0001,0.0508,0.9491,26.1438,24.9875,27.31,26.96,26.04,24.42,27.31,26.04,hold,0.0
2024-08-23,293,27.31,153675.75,159335.5,-8489.62,8057692.0,1.3209,220,35.05,0.7792,,0.28,0.27,0.28,0.17,1,1.11,0.0,0.4,5.0,0,0,14880.0,0.0001,0.0544,0.9455,26.064,24.9453,27.19,26.85,25.92,24.31,27.19,25.92,hold,0.0
2024-08-30,294,27.19,150747.75,158054.25,-10959.75,8071154.0,1.3231,213,35.05,0.7757,,0.28,0.27,0.28,0.17,1,0.86,0.0,0.4,5.0,0,0,15467.0,0.0001,0.0584,0.9415,25.9768,24.8994,27.08,26.73,25.81,24.19,27.08,25.81,hold,0.0
2024-09-06,295,27.08,147528.25,156375.08,-13270.25,8084615.0,1.3253,206,35.05,0.7726,,0.28,0.27,0.28,0.17,1,0.61,0.0,0.4,5.0,0,0,16139.0,0.0001,0.0627,0.9372,25.8969,24.8573,26.96,26.62,25.69,24.08,26.96,25.69,hold,0.0
2024-09-13,296,26.96,144064.5,154322.58,-15387.12,8098077.0,1.3276,199,35.05,0.7692,,0.28,0.27,0.28,0.17,1,0.36,0.0,0.4,5.0,0,0,16937.0,0.0002,0.0676,0.9322,25.8098,24.8113,26.85,26.5,25.58,23.98,26.85,25.58,hold,0.0
2024-09-20,297,26.85,140406.75,151926.58,-17279.75,8111538.0,1.3298,192,35.05,0.766,,0.28,0.27,0.28,0.17,1,0.11,0.0,0.4,5.0,0,0,17810.0,0.0002,0.0729,0.9269,25.7299,24.7692,26.73,26.38,25.5,23.94,26.73,25.5,hold,0.0
2024-09-27,298,26.73,136608.5,149222.08,-18920.38,8125000.0,1.332,185,35.05,0.7626,,0.28,0.27,0.28,0.17,0,0.0,0.0,0.4,5.0,0,0,18799.0,0.0002,0.0789,0.9209,25.6428,24.7233,26.62,26.27,25.5,23.89,26.62,25.5,hold,0.0
2024-10-04,299,26.62,132725.25,146248.5,-20284.88,8138462.0,1.3342,178,35.05,0.7595,,0.28,0.27,0.28,0.17,0,0.0,0.0,0.4,5.0,0,0,19856.0,0.0002,0.0854,0.9143,25.5629,24.6811,26.5,26.15,25.5,23.85,26.5,25.5,hold,0.0
2024-10-11,300,26.5,128813.25,143049.17,-21353.88,8151923.0,1.3364,171,35.05,0.7561,,0.28,0.27,0.28,0.17,0,0.0,0.0,0.4,5.0,0,0,21015.0,0.0003,0.0929,0.9068,25.4758,24.6352,26.38,26.04,25.0,,26.38,25.0,hold,0.0
2024-10-18,301,26.38,124929.75,139670.75,-22111.5,8165385.0,1.3386,164,35.05,0.7526,,0.28,0.27,0.28,0.17,0,0.0,0.0,0.4,5.0,0,0,22261.0,0.0003,0.1015,0.8982,25.3886,24.5892,26.27,25.92,25.0,,26.27,25.0,hold,0.0
2024-10-25,302,26.27,121131.5,136162.58,-22546.62,8178846.0,1.3408,157,35.05,0.7495,,0.28,0.27,0.28,0.17,0,0.0,0.0,0.4,5.0,0,0,23551.0,0.0004,0.1109,0.8887,25.3088,24.5471,26.15,25.81,24.88,,26.15,24.88,hold,0.0
2024-11-01,303,26.15,117473.75,132575.75,-22653.0,8192308.0,1.343,150,35.05,0.7461,,0.28,0.27,0.28,0.17,0,0.0,0.0,0.4,5.0,0,0,24924.0,0.0004,0.1218,0.8778,25.2216,24.5012,26.04,25.69,24.77,,26.04,24.77,hold,0.0
2024-11-08,304,26.04,114010.0,128962.58,-22428.88,8205769.0,1.3452,143,35.05,0.7429,,0.28,0.27,0.28,0.17,0,0.0,0.0,0.4,5.0,0,0,26330.0,0.0005,0.1339,0.8657,25.1417,24.4591,25.92,25.58,24.65,,25.92,24.65,hold,0.0
2024-11-15,305,25.92,110790.75,125375.75,-21877.5,8219231.0,1.3474,136,35.05,0.7395,,0.28,0.27,0.28,0.17,0,0.0,0.0,0.4,5.0,0,0,27812.0,0.0005,0.148,0.8515,25.0546,24.4131,25.81,25.5,24.54,,25.81,24.54,hold,0.0
2024-11-22,306,25.81,107862.75,121867.58,-21007.25,8232692.0,1.3496,129,35.05,0.7364,,0.28,0.27,0.28,0.17,0,0.0,0.0,0.4,5.0,0,0,29324.0,0.0006,0.1639,0.8355,24.9747,24.371,25.69,25.5,24.42,,25.69,24.42,hold,0.0
2024-11-29,307,25.69,105268.75,118489.25,-19830.75,8246154.0,1.3518,122,35.05,0.733,,0.28,0.27,0.28,0.17,0,0.0,0.0,0.4,5.0,0,0,30905.0,0.0007,0.1825,0.8167,24.8876,24.3251,25.58,25.5,24.31,,25.58,24.31,hold,0.0
2024-12-06,308,25.58,103046.5,115289.92,-18365.12,8259615.0,1.354,115,35.05,0.7298,,0.28,0.27,0.28,0.17,0,0.0,0.0,0.4,5.0,0,0,32510.0,0.0009,0.2037,0.7954,24.8077,24.2829,25.5,25.0,24.19,,25.5,24.19,sell,0.0
2024-12-13,309,25.5,101228.5,112316.33,-16631.75,8273077.0,1.3562,108,35.05,0.7275,,0.28,0.27,0.28,0.17,0,0.0,0.0,0.4,5.0,0,0,34038.0,0.001,0.226,0.773,24.7496,24.2523,25.5,25.0,24.08,,25.5,24.08,hold,0.0
2024-12-20,310,25.5,99841.25,109611.83,-14655.88,8286538.0,1.3584,101,35.05,0.7275,,0.28,0.27,0.28,0.17,0,0.0,0.0,0.4,5.0,0,0,35244.0,0.001,0.2442,0.7548,24.7496,24.2523,25.5,24.88,23.98,,25.5,23.98,sell,0.0
2024-12-27,311,25.5,98905.0,107215.83,-12466.25,8300000.0,1.3607,94,35.05,0.7275,,0.28,0.27,0.28,0.17,0,0.0,0.0,0.4,5.0,0,0,36243.0,0.0011,0.2591,0.7399,24.7496,24.2523,25.0,24.77,23.94,,25.0,23.94,sell,0.0
2025-01-03,312,25.0,96987.75,104681.42,-11540.5,8300000.0,1.2969,87,36.2,0.6906,,0.25,0.28,0.29,0.18,1,3.93,7.86,0.6,6.5,0,1,38915.0,0.0017,0.3112,0.6871,24.3865,24.0609,25.0,24.65,23.89,,25.0,23.89,hold,0.0
2025-01-10,313,25.0,95531.5,102516.92,-10478.12,8300000.0,1.2969,80,36.2,0.6906,,0.25,0.28,0.29,0.18,1,3.68,7.36,0.6,6.5,0,1,41418.0,0.0019,0.3577,0.6404,24.3865,24.0609,24.88,24.54,23.85,,24.88,23.85,hold,0.0
2025-01-17,314,24.88,94529.5,100744.5,-9322.5,8300000.0,1.2969,73,36.2,0.6873,,0.25,0.28,0.29,0.18,1,3.43,6.86,0.6,6.5,0,1,44198.0,0.0023,0.4101,0.5876,24.2994,24.0149,24.77,24.42,,,24.77,23.85,hold,0.0
2025-01-24,315,24.77,93968.25,99380.67,-8118.62,8300000.0,1.2969,66,36.2,0.6843,,0.25,0.28,0.29,0.18,1,3.18,6.36,0.6,6.5,0,1,47098.0,0.0028,0.4672,0.53,24.2195,23.9728,24.65,24.31,,,24.65,23.85,hold,0.0
2025-01-31,316,24.65,95273.75,98436.0,-4743.38,8300000.0,1.2969,59,36.2,0.6809,,0.25,0.28,0.29,0.18,1,2.93,5.86,0.6,6.5,0,1,50086.0,0.0033,0.529,0.4677,24.1324,23.9268,24.54,24.19,,,24.54,23.85,hold,0.0
2025-02-07,317,24.54,96984.75,97914.92,-1395.25,8300000.0,1.2969,52,36.2,0.6779,,0.25,0.28,0.29,0.18,1,2.68,5.36,0.6,6.5,0,1,53082.0,0.0039,0.5927,0.4034,24.0525,23.8847,24.42,24.08,,,24.42,23.85,hold,0.0
2025-02-14,318,24.42,99076.25,97815.67,1890.88,8300000.0,1.2969,45,36.2,0.6746,,0.25,0.28,0.29,0.18,1,2.43,4.86,0.6,6.5,0,1,56108.0,0.0046,0.6563,0.339,23.9654,23.8388,24.31,23.98,,,24.31,23.85,hold,0.0
2025-02-21,319,24.31,101517.75,98130.33,5081.12,8300000.0,1.2969,38,36.2,0.6715,,0.25,0.28,0.29,0.18,1,2.18,4.36,0.6,6.5,0,1,59112.0,0.0054,0.716,0.2786,23.4257,22.3547,24.19,23.94,,,24.19,23.85,hold,0.0
2025-02-28,320,24.19,104273.75,98845.08,8143.0,8300000.0,1.2969,31,36.2,0.6682,,0.25,0.28,0.29,0.18,1,1.93,3.86,0.6,6.5,0,1,62140.0,0.0062,0.7697,0.2242,23.3193,22.271,24.08,23.89,,,24.08,23.85,hold,0.0
2025-03-07,321,24.08,107303.75,99940.0,11045.62,8300000.0,1.2969,24,36.2,0.6652,,0.25,0.28,0.29,0.18,1,1.68,3.36,0.6,6.5,0,1,65148.0,0.007,0.8146,0.1785,23.2217,22.1942,23.98,23.85,,,23.98,23.85,hold,0.0
2025-03-14,322,23.98,110563.75,101389.83,13760.88,8300000.0,1.2969,17,36.2,0.6624,,0.25,0.28,0.29,0.18,1,1.43,2.86,0.6,6.5,0,1,68101.0,0.0077,0.8498,0.1425,23.133,22.1244,23.94,,,,23.94,23.85,hold,0.0
2025-03-21,323,23.94,114006.25,103164.08,16263.25,8300000.0,1.2969,10,36.2,0.6613,,0.25,0.28,0.29,0.18,1,-23.23,6.43,0.6,6.5,0,1,70787.0,0.0082,0.8742,0.1176,23.0975,22.0965,23.89,,,,23.89,23.85,hold,0.0
2025-03-28,324,23.89,117581.0,105709.5,17807.25,8300000.0,1.2969,3,36.2,0.6599,,0.25,0.28,0.29,0.18,1,-22.2,5.71,0.6,6.5,0,1,73303.0,0.0086,0.8911,0.1003,23.0532,22.0617,23.85,,,,23.85,23.85,hold,0.0
2025-04-04,325,23.85,121236.0,108508.17,19091.75,8300000.0,1.2969,361,36.2,0.6588,,0.25,0.28,0.29,0.18,1,-21.18,5.0,0.6,6.5,0,1,75636.0,0.009,0.9025,0.0886,23.0177,22.0337,,,,,,,hold,0.0
